Date,Last trade price,Max,Min,Avg.Price,%chg.,Volume,Turnover in BEST in denars,Total turnover in denars
07/23/2014,400.0,nan,nan,400.0,0.0,0,0.0,0.0
07/24/2014,400.0,nan,nan,400.0,0.0,0,0.0,0.0
07/25/2014,400.0,nan,nan,400.0,0.0,0,0.0,0.0
07/29/2014,400.0,nan,nan,400.0,0.0,0,0.0,0.0
07/30/2014,400.0,nan,nan,400.0,0.0,0,0.0,0.0
07/31/2014,400.0,nan,nan,400.0,0.0,0,0.0,0.0
08/01/2014,400.0,nan,nan,400.0,0.0,0,0.0,0.0
08/04/2014,400.0,nan,nan,400.0,0.0,0,0.0,0.0
08/05/2014,400.0,nan,nan,400.0,0.0,0,0.0,0.0
08/06/2014,400.0,nan,nan,400.0,0.0,0,0.0,0.0
08/07/2014,400.0,nan,nan,400.0,0.0,0,0.0,0.0
08/08/2014,400.0,nan,nan,400.0,0.0,0,0.0,0.0
08/11/2014,400.0,nan,nan,400.0,0.0,0,0.0,0.0
08/12/2014,400.0,nan,nan,400.0,0.0,0,0.0,0.0
08/13/2014,400.0,nan,nan,400.0,0.0,0,0.0,0.0
08/14/2014,400.0,nan,nan,400.0,0.0,0,0.0,0.0
08/15/2014,400.0,nan,nan,400.0,0.0,0,0.0,0.0
08/18/2014,400.0,nan,nan,400.0,0.0,0,0.0,0.0
08/19/2014,400.0,nan,nan,400.0,0.0,0,0.0,0.0
08/20/2014,400.0,nan,nan,400.0,0.0,0,0.0,0.0
08/21/2014,400.0,nan,nan,400.0,0.0,0,0.0,0.0
08/22/2014,400.0,nan,nan,400.0,0.0,0,0.0,0.0
08/25/2014,400.0,nan,nan,400.0,0.0,0,0.0,0.0
08/26/2014,400.0,nan,nan,400.0,0.0,0,0.0,0.0
08/27/2014,400.0,nan,nan,400.0,0.0,0,0.0,0.0
08/29/2014,400.0,nan,nan,400.0,0.0,0,0.0,0.0
09/01/2014,400.0,nan,nan,400.0,0.0,0,0.0,0.0
09/02/2014,400.0,nan,nan,400.0,0.0,0,0.0,0.0
09/03/2014,400.0,nan,nan,400.0,0.0,0,0.0,0.0
09/04/2014,400.0,nan,nan,400.0,0.0,0,0.0,0.0
09/05/2014,400.0,nan,nan,400.0,0.0,0,0.0,0.0
09/09/2014,400.0,nan,nan,400.0,0.0,0,0.0,0.0
09/10/2014,400.0,nan,nan,400.0,0.0,0,0.0,0.0
09/11/2014,400.0,nan,nan,400.0,0.0,0,0.0,0.0
09/12/2014,400.0,nan,nan,400.0,0.0,0,0.0,0.0
09/15/2014,400.0,nan,nan,400.0,0.0,0,0.0,0.0
09/16/2014,400.0,nan,nan,400.0,0.0,0,0.0,0.0
09/17/2014,400.0,nan,nan,400.0,0.0,0,0.0,0.0
09/18/2014,400.0,nan,nan,400.0,0.0,0,0.0,0.0
09/19/2014,400.0,nan,nan,400.0,0.0,0,0.0,0.0
09/22/2014,400.0,nan,nan,400.0,0.0,0,0.0,0.0
09/23/2014,400.0,nan,nan,400.0,0.0,0,0.0,0.0
09/24/2014,400.0,nan,nan,400.0,0.0,0,0.0,0.0
09/25/2014,400.0,nan,nan,400.0,0.0,0,0.0,0.0
09/26/2014,400.0,nan,nan,400.0,0.0,0,0.0,0.0
09/29/2014,400.0,nan,nan,400.0,0.0,0,0.0,0.0
09/30/2014,400.0,nan,nan,400.0,0.0,0,0.0,0.0
10/01/2014,400.0,nan,nan,400.0,0.0,0,0.0,0.0
10/02/2014,400.0,nan,nan,400.0,0.0,0,0.0,0.0
10/03/2014,400.0,nan,nan,400.0,0.0,0,0.0,0.0
10/06/2014,400.0,nan,nan,400.0,0.0,0,0.0,0.0
10/07/2014,400.0,nan,nan,400.0,0.0,0,0.0,0.0
10/08/2014,400.0,nan,nan,400.0,0.0,0,0.0,0.0
10/09/2014,400.0,nan,nan,400.0,0.0,0,0.0,0.0
10/10/2014,400.0,nan,nan,400.0,0.0,0,0.0,0.0
10/13/2014,400.0,nan,nan,400.0,0.0,0,0.0,0.0
10/14/2014,400.0,nan,nan,400.0,0.0,0,0.0,0.0
10/15/2014,400.0,nan,nan,400.0,0.0,0,0.0,0.0
10/16/2014,400.0,nan,nan,400.0,0.0,0,0.0,0.0
10/17/2014,400.0,nan,nan,400.0,0.0,0,0.0,0.0
10/20/2014,400.0,nan,nan,400.0,0.0,0,0.0,0.0
10/21/2014,400.0,nan,nan,400.0,0.0,0,0.0,0.0
10/22/2014,400.0,nan,nan,400.0,0.0,0,0.0,0.0
10/24/2014,400.0,nan,nan,400.0,0.0,0,0.0,0.0
10/27/2014,400.0,nan,nan,400.0,0.0,0,0.0,0.0
10/28/2014,400.0,nan,nan,400.0,0.0,0,0.0,0.0
10/29/2014,400.0,nan,nan,400.0,0.0,0,0.0,0.0
10/30/2014,400.0,nan,nan,400.0,0.0,0,0.0,0.0
10/31/2014,400.0,nan,nan,400.0,0.0,0,0.0,0.0
11/03/2014,400.0,nan,nan,400.0,0.0,0,0.0,0.0
11/04/2014,400.0,nan,nan,400.0,0.0,0,0.0,0.0
11/05/2014,400.0,nan,nan,400.0,0.0,0,0.0,0.0
11/06/2014,400.0,nan,nan,400.0,0.0,0,0.0,0.0
11/07/2014,400.0,nan,nan,400.0,0.0,0,0.0,0.0
11/10/2014,400.0,nan,nan,400.0,0.0,0,0.0,0.0
11/11/2014,400.0,nan,nan,400.0,0.0,0,0.0,0.0
11/12/2014,400.0,nan,nan,400.0,0.0,0,0.0,0.0
11/13/2014,400.0,nan,nan,400.0,0.0,0,0.0,0.0
11/14/2014,400.0,nan,nan,400.0,0.0,0,0.0,0.0
11/17/2014,400.0,nan,nan,400.0,0.0,0,0.0,0.0
11/18/2014,400.0,nan,nan,400.0,0.0,0,0.0,0.0
11/19/2014,400.0,nan,nan,400.0,0.0,0,0.0,0.0
11/20/2014,400.0,nan,nan,400.0,0.0,0,0.0,0.0
11/21/2014,400.0,nan,nan,400.0,0.0,0,0.0,0.0
11/24/2014,400.0,nan,nan,400.0,0.0,0,0.0,0.0
11/25/2014,400.0,nan,nan,400.0,0.0,0,0.0,0.0
11/26/2014,400.0,nan,nan,400.0,0.0,0,0.0,0.0
11/27/2014,400.0,nan,nan,400.0,0.0,0,0.0,0.0
11/28/2014,400.0,nan,nan,400.0,0.0,0,0.0,0.0
12/01/2014,400.0,nan,nan,400.0,0.0,0,0.0,0.0
12/02/2014,400.0,nan,nan,400.0,0.0,0,0.0,0.0
12/04/2014,400.0,nan,nan,400.0,0.0,0,0.0,0.0
12/05/2014,400.0,nan,nan,400.0,0.0,0,0.0,0.0
12/09/2014,400.0,nan,nan,400.0,0.0,0,0.0,0.0
12/10/2014,400.0,nan,nan,400.0,0.0,0,0.0,0.0
12/11/2014,400.0,nan,nan,400.0,0.0,0,0.0,0.0
12/12/2014,400.0,nan,nan,400.0,0.0,0,0.0,0.0
12/15/2014,400.0,nan,nan,400.0,0.0,0,0.0,0.0
12/16/2014,400.0,nan,nan,400.0,0.0,0,0.0,0.0
12/17/2014,400.0,nan,nan,400.0,0.0,0,0.0,0.0
12/18/2014,400.0,nan,nan,400.0,0.0,0,0.0,0.0
12/19/2014,400.0,nan,nan,400.0,0.0,0,0.0,0.0
12/22/2014,400.0,nan,nan,400.0,0.0,0,0.0,0.0
12/23/2014,400.0,nan,nan,400.0,0.0,0,0.0,0.0
12/24/2014,400.0,nan,nan,400.0,0.0,0,0.0,0.0
12/25/2014,400.0,nan,nan,400.0,0.0,0,0.0,0.0
12/26/2014,400.0,nan,nan,400.0,0.0,0,0.0,0.0
12/29/2014,400.0,nan,nan,400.0,0.0,0,0.0,0.0
12/30/2014,400.0,nan,nan,400.0,0.0,0,0.0,0.0
01/02/2015,400.0,nan,nan,400.0,0.0,0,0.0,0.0
01/05/2015,400.0,nan,nan,400.0,0.0,0,0.0,0.0
01/08/2015,400.0,nan,nan,400.0,0.0,0,0.0,0.0
01/09/2015,400.0,nan,nan,400.0,0.0,0,0.0,0.0
01/12/2015,400.0,nan,nan,400.0,0.0,0,0.0,0.0
01/13/2015,400.0,nan,nan,400.0,0.0,0,0.0,0.0
01/14/2015,400.0,nan,nan,400.0,0.0,0,0.0,0.0
01/15/2015,400.0,nan,nan,400.0,0.0,0,0.0,0.0
01/16/2015,400.0,nan,nan,400.0,0.0,0,0.0,0.0
01/20/2015,400.0,nan,nan,400.0,0.0,0,0.0,0.0
01/21/2015,400.0,nan,nan,400.0,0.0,0,0.0,0.0
01/22/2015,400.0,nan,nan,400.0,0.0,0,0.0,0.0
01/23/2015,400.0,nan,nan,400.0,0.0,0,0.0,0.0
01/26/2015,400.0,nan,nan,400.0,0.0,0,0.0,0.0
01/27/2015,400.0,nan,nan,400.0,0.0,0,0.0,0.0
01/28/2015,400.0,nan,nan,400.0,0.0,0,0.0,0.0
01/29/2015,400.0,nan,nan,400.0,0.0,0,0.0,0.0
01/30/2015,400.0,nan,nan,400.0,0.0,0,0.0,0.0
02/02/2015,400.0,nan,nan,400.0,0.0,0,0.0,0.0
02/03/2015,400.0,nan,nan,400.0,0.0,0,0.0,0.0
02/04/2015,400.0,nan,nan,400.0,0.0,0,0.0,0.0
02/05/2015,400.0,nan,nan,400.0,0.0,0,0.0,0.0
02/06/2015,400.0,nan,nan,400.0,0.0,0,0.0,0.0
02/09/2015,400.0,nan,nan,400.0,0.0,0,0.0,0.0
02/10/2015,400.0,nan,nan,400.0,0.0,0,0.0,0.0
02/11/2015,400.0,nan,nan,400.0,0.0,0,0.0,0.0
02/12/2015,400.0,nan,nan,400.0,0.0,0,0.0,0.0
02/13/2015,400.0,nan,nan,400.0,0.0,0,0.0,0.0
02/16/2015,400.0,nan,nan,400.0,0.0,0,0.0,0.0
02/17/2015,400.0,nan,nan,400.0,0.0,0,0.0,0.0
02/18/2015,400.0,nan,nan,400.0,0.0,0,0.0,0.0
02/19/2015,400.0,nan,nan,400.0,0.0,0,0.0,0.0
02/20/2015,400.0,nan,nan,400.0,0.0,0,0.0,0.0
02/23/2015,400.0,nan,nan,400.0,0.0,0,0.0,0.0
02/24/2015,400.0,nan,nan,400.0,0.0,0,0.0,0.0
02/25/2015,400.0,nan,nan,400.0,0.0,0,0.0,0.0
02/26/2015,400.0,nan,nan,400.0,0.0,0,0.0,0.0
02/27/2015,400.0,nan,nan,400.0,0.0,0,0.0,0.0
03/02/2015,400.0,nan,nan,400.0,0.0,0,0.0,0.0
03/03/2015,400.0,nan,nan,400.0,0.0,0,0.0,0.0
03/04/2015,400.0,nan,nan,400.0,0.0,0,0.0,0.0
03/05/2015,400.0,nan,nan,400.0,0.0,0,0.0,0.0
03/06/2015,400.0,nan,nan,400.0,0.0,0,0.0,0.0
03/09/2015,400.0,nan,nan,400.0,0.0,0,0.0,0.0
03/10/2015,400.0,nan,nan,400.0,0.0,0,0.0,0.0
03/11/2015,400.0,nan,nan,400.0,0.0,0,0.0,0.0
03/12/2015,400.0,nan,nan,400.0,0.0,0,0.0,0.0
03/13/2015,400.0,nan,nan,400.0,0.0,0,0.0,0.0
03/16/2015,400.0,nan,nan,400.0,0.0,0,0.0,0.0
03/17/2015,400.0,nan,nan,400.0,0.0,0,0.0,0.0
03/18/2015,400.0,nan,nan,400.0,0.0,0,0.0,0.0
03/19/2015,400.0,nan,nan,400.0,0.0,0,0.0,0.0
03/20/2015,400.0,nan,nan,400.0,0.0,0,0.0,0.0
03/23/2015,400.0,nan,nan,400.0,0.0,0,0.0,0.0
03/24/2015,400.0,nan,nan,400.0,0.0,0,0.0,0.0
03/25/2015,400.0,nan,nan,400.0,0.0,0,0.0,0.0
03/26/2015,400.0,nan,nan,400.0,0.0,0,0.0,0.0
03/27/2015,400.0,nan,nan,400.0,0.0,0,0.0,0.0
03/30/2015,400.0,nan,nan,400.0,0.0,0,0.0,0.0
03/31/2015,400.0,nan,nan,400.0,0.0,0,0.0,0.0
04/01/2015,400.0,nan,nan,400.0,0.0,0,0.0,0.0
04/02/2015,400.0,nan,nan,400.0,0.0,0,0.0,0.0
04/03/2015,400.0,nan,nan,400.0,0.0,0,0.0,0.0
04/06/2015,400.0,nan,nan,400.0,0.0,0,0.0,0.0
04/07/2015,400.0,nan,nan,400.0,0.0,0,0.0,0.0
04/08/2015,400.0,nan,nan,400.0,0.0,0,0.0,0.0
04/09/2015,400.0,nan,nan,400.0,0.0,0,0.0,0.0
04/14/2015,400.0,nan,nan,400.0,0.0,0,0.0,0.0
04/15/2015,400.0,nan,nan,400.0,0.0,0,0.0,0.0
04/16/2015,400.0,nan,nan,400.0,0.0,0,0.0,0.0
04/17/2015,400.0,nan,nan,400.0,0.0,0,0.0,0.0
04/20/2015,400.0,nan,nan,400.0,0.0,0,0.0,0.0
04/21/2015,400.0,nan,nan,400.0,0.0,0,0.0,0.0
04/22/2015,400.0,nan,nan,400.0,0.0,0,0.0,0.0
04/23/2015,400.0,nan,nan,400.0,0.0,0,0.0,0.0
04/24/2015,400.0,nan,nan,400.0,0.0,0,0.0,0.0
04/27/2015,400.0,nan,nan,400.0,0.0,0,0.0,0.0
04/28/2015,400.0,nan,nan,400.0,0.0,0,0.0,0.0
04/29/2015,400.0,nan,nan,400.0,0.0,0,0.0,0.0
04/30/2015,400.0,nan,nan,400.0,0.0,0,0.0,0.0
05/04/2015,400.0,nan,nan,400.0,0.0,0,0.0,0.0
05/05/2015,400.0,nan,nan,400.0,0.0,0,0.0,0.0
05/06/2015,400.0,nan,nan,400.0,0.0,0,0.0,0.0
05/07/2015,400.0,nan,nan,400.0,0.0,0,0.0,0.0
05/08/2015,400.0,nan,nan,400.0,0.0,0,0.0,0.0
05/11/2015,400.0,nan,nan,400.0,0.0,0,0.0,0.0
05/12/2015,400.0,nan,nan,400.0,0.0,0,0.0,0.0
05/13/2015,400.0,nan,nan,400.0,0.0,0,0.0,0.0
05/14/2015,400.0,nan,nan,400.0,0.0,0,0.0,0.0
05/15/2015,400.0,nan,nan,400.0,0.0,0,0.0,0.0
05/18/2015,400.0,nan,nan,400.0,0.0,0,0.0,0.0
05/19/2015,400.0,nan,nan,400.0,0.0,0,0.0,0.0
05/20/2015,400.0,nan,nan,400.0,0.0,0,0.0,0.0
05/21/2015,400.0,nan,nan,400.0,0.0,0,0.0,0.0
05/22/2015,400.0,nan,nan,400.0,0.0,0,0.0,0.0
05/26/2015,400.0,nan,nan,400.0,0.0,0,0.0,0.0
05/27/2015,400.0,nan,nan,400.0,0.0,0,0.0,0.0
05/28/2015,400.0,nan,nan,400.0,0.0,0,0.0,0.0
06/01/2015,400.0,nan,nan,400.0,0.0,0,0.0,0.0
06/02/2015,400.0,nan,nan,400.0,0.0,0,0.0,0.0
06/03/2015,400.0,nan,nan,400.0,0.0,0,0.0,0.0
06/04/2015,400.0,nan,nan,400.0,0.0,0,0.0,0.0
06/05/2015,400.0,nan,nan,400.0,0.0,0,0.0,0.0
06/08/2015,400.0,nan,nan,400.0,0.0,0,0.0,0.0
06/09/2015,400.0,nan,nan,400.0,0.0,0,0.0,0.0
06/10/2015,400.0,nan,nan,400.0,0.0,0,0.0,0.0
06/11/2015,400.0,nan,nan,400.0,0.0,0,0.0,0.0
06/12/2015,400.0,nan,nan,400.0,0.0,0,0.0,0.0
06/15/2015,400.0,nan,nan,400.0,0.0,0,0.0,0.0
06/16/2015,400.0,nan,nan,400.0,0.0,0,0.0,0.0
06/17/2015,400.0,nan,nan,400.0,0.0,0,0.0,0.0
06/18/2015,400.0,nan,nan,400.0,0.0,0,0.0,0.0
06/19/2015,400.0,nan,nan,400.0,0.0,0,0.0,0.0
06/22/2015,400.0,nan,nan,400.0,0.0,0,0.0,0.0
06/23/2015,400.0,nan,nan,400.0,0.0,0,0.0,0.0
06/24/2015,400.0,nan,nan,400.0,0.0,0,0.0,0.0
06/25/2015,400.0,nan,nan,400.0,0.0,0,0.0,0.0
06/26/2015,400.0,nan,nan,400.0,0.0,0,0.0,0.0
06/29/2015,400.0,nan,nan,400.0,0.0,0,0.0,0.0
06/30/2015,400.0,nan,nan,400.0,0.0,0,0.0,0.0
07/01/2015,400.0,nan,nan,400.0,0.0,0,0.0,0.0
07/02/2015,400.0,nan,nan,400.0,0.0,0,0.0,0.0
07/03/2015,400.0,nan,nan,400.0,0.0,0,0.0,0.0
07/06/2015,400.0,nan,nan,400.0,0.0,0,0.0,0.0
07/07/2015,400.0,nan,nan,400.0,0.0,0,0.0,0.0
07/08/2015,400.0,nan,nan,400.0,0.0,0,0.0,0.0
07/09/2015,400.0,nan,nan,400.0,0.0,0,0.0,0.0
07/10/2015,400.0,nan,nan,400.0,0.0,0,0.0,0.0
07/13/2015,400.0,nan,nan,400.0,0.0,0,0.0,0.0
07/14/2015,400.0,nan,nan,400.0,0.0,0,0.0,0.0
07/15/2015,400.0,nan,nan,400.0,0.0,0,0.0,0.0
07/16/2015,400.0,nan,nan,400.0,0.0,0,0.0,0.0
07/20/2015,400.0,nan,nan,400.0,0.0,0,0.0,0.0
07/21/2015,400.0,nan,nan,400.0,0.0,0,0.0,0.0
07/22/2015,400.0,nan,nan,400.0,0.0,0,0.0,0.0
07/23/2015,400.0,nan,nan,400.0,0.0,0,0.0,0.0
07/24/2015,400.0,nan,nan,400.0,0.0,0,0.0,0.0
07/27/2015,400.0,nan,nan,400.0,0.0,0,0.0,0.0
07/28/2015,400.0,nan,nan,400.0,0.0,0,0.0,0.0
07/29/2015,400.0,nan,nan,400.0,0.0,0,0.0,0.0
07/30/2015,400.0,nan,nan,400.0,0.0,0,0.0,0.0
07/31/2015,400.0,nan,nan,400.0,0.0,0,0.0,0.0
08/04/2015,400.0,nan,nan,400.0,0.0,0,0.0,0.0
08/05/2015,400.0,nan,nan,400.0,0.0,0,0.0,0.0
08/06/2015,400.0,nan,nan,400.0,0.0,0,0.0,0.0
08/07/2015,400.0,nan,nan,400.0,0.0,0,0.0,0.0
08/10/2015,400.0,nan,nan,400.0,0.0,0,0.0,0.0
08/11/2015,400.0,nan,nan,400.0,0.0,0,0.0,0.0
08/12/2015,400.0,nan,nan,400.0,0.0,0,0.0,0.0
08/13/2015,400.0,nan,nan,400.0,0.0,0,0.0,0.0
08/14/2015,400.0,nan,nan,400.0,0.0,0,0.0,0.0
08/17/2015,400.0,nan,nan,400.0,0.0,0,0.0,0.0
08/18/2015,400.0,nan,nan,400.0,0.0,0,0.0,0.0
08/19/2015,400.0,nan,nan,400.0,0.0,0,0.0,0.0
08/20/2015,400.0,nan,nan,400.0,0.0,0,0.0,0.0
08/21/2015,400.0,nan,nan,400.0,0.0,0,0.0,0.0
08/24/2015,400.0,nan,nan,400.0,0.0,0,0.0,0.0
08/25/2015,400.0,nan,nan,400.0,0.0,0,0.0,0.0
08/26/2015,400.0,nan,nan,400.0,0.0,0,0.0,0.0
08/27/2015,400.0,nan,nan,400.0,0.0,0,0.0,0.0
08/31/2015,400.0,nan,nan,400.0,0.0,0,0.0,0.0
09/01/2015,400.0,nan,nan,400.0,0.0,0,0.0,0.0
09/02/2015,400.0,nan,nan,400.0,0.0,0,0.0,0.0
09/03/2015,400.0,nan,nan,400.0,0.0,0,0.0,0.0
09/04/2015,400.0,nan,nan,400.0,0.0,0,0.0,0.0
09/07/2015,400.0,nan,nan,400.0,0.0,0,0.0,0.0
09/09/2015,400.0,nan,nan,400.0,0.0,0,0.0,0.0
09/10/2015,400.0,nan,nan,400.0,0.0,0,0.0,0.0
09/11/2015,400.0,nan,nan,400.0,0.0,0,0.0,0.0
09/14/2015,400.0,nan,nan,400.0,0.0,0,0.0,0.0
09/15/2015,400.0,nan,nan,400.0,0.0,0,0.0,0.0
09/16/2015,400.0,nan,nan,400.0,0.0,0,0.0,0.0
09/17/2015,400.0,nan,nan,400.0,0.0,0,0.0,0.0
09/18/2015,400.0,nan,nan,400.0,0.0,0,0.0,0.0
09/21/2015,400.0,nan,nan,400.0,0.0,0,0.0,0.0
09/22/2015,400.0,nan,nan,400.0,0.0,0,0.0,0.0
09/23/2015,400.0,nan,nan,400.0,0.0,0,0.0,0.0
09/24/2015,400.0,nan,nan,400.0,0.0,0,0.0,0.0
09/25/2015,400.0,nan,nan,400.0,0.0,0,0.0,0.0
09/28/2015,400.0,nan,nan,400.0,0.0,0,0.0,0.0
09/29/2015,400.0,nan,nan,400.0,0.0,0,0.0,0.0
09/30/2015,400.0,nan,nan,400.0,0.0,0,0.0,0.0
10/01/2015,400.0,nan,nan,400.0,0.0,0,0.0,0.0
10/02/2015,400.0,nan,nan,400.0,0.0,0,0.0,0.0
10/05/2015,400.0,nan,nan,400.0,0.0,0,0.0,0.0
10/06/2015,400.0,nan,nan,400.0,0.0,0,0.0,0.0
10/07/2015,400.0,nan,nan,400.0,0.0,0,0.0,0.0
10/08/2015,400.0,nan,nan,400.0,0.0,0,0.0,0.0
10/09/2015,400.0,nan,nan,400.0,0.0,0,0.0,0.0
10/13/2015,400.0,nan,nan,400.0,0.0,0,0.0,0.0
10/14/2015,400.0,nan,nan,400.0,0.0,0,0.0,0.0
10/15/2015,400.0,nan,nan,400.0,0.0,0,0.0,0.0
10/16/2015,400.0,nan,nan,400.0,0.0,0,0.0,0.0
10/19/2015,400.0,nan,nan,400.0,0.0,0,0.0,0.0
10/20/2015,400.0,nan,nan,400.0,0.0,0,0.0,0.0
10/21/2015,400.0,nan,nan,400.0,0.0,0,0.0,0.0
10/22/2015,400.0,nan,nan,400.0,0.0,0,0.0,0.0
10/26/2015,400.0,nan,nan,400.0,0.0,0,0.0,0.0
10/27/2015,400.0,nan,nan,400.0,0.0,0,0.0,0.0
10/28/2015,400.0,nan,nan,400.0,0.0,0,0.0,0.0
10/29/2015,400.0,nan,nan,400.0,0.0,0,0.0,0.0
10/30/2015,400.0,nan,nan,400.0,0.0,0,0.0,0.0
11/02/2015,400.0,nan,nan,400.0,0.0,0,0.0,0.0
11/03/2015,400.0,nan,nan,400.0,0.0,0,0.0,0.0
11/04/2015,400.0,nan,nan,400.0,0.0,0,0.0,0.0
11/05/2015,400.0,nan,nan,400.0,0.0,0,0.0,0.0
11/06/2015,400.0,nan,nan,400.0,0.0,0,0.0,0.0
11/09/2015,400.0,nan,nan,400.0,0.0,0,0.0,0.0
11/10/2015,400.0,nan,nan,400.0,0.0,0,0.0,0.0
11/11/2015,400.0,nan,nan,400.0,0.0,0,0.0,0.0
11/12/2015,400.0,nan,nan,400.0,0.0,0,0.0,0.0
11/13/2015,400.0,nan,nan,400.0,0.0,0,0.0,0.0
11/16/2015,400.0,nan,nan,400.0,0.0,0,0.0,0.0
11/17/2015,400.0,nan,nan,400.0,0.0,0,0.0,0.0
11/18/2015,400.0,nan,nan,400.0,0.0,0,0.0,0.0
11/19/2015,400.0,nan,nan,400.0,0.0,0,0.0,0.0
11/20/2015,400.0,nan,nan,400.0,0.0,0,0.0,0.0
11/23/2015,400.0,nan,nan,400.0,0.0,0,0.0,0.0
11/24/2015,400.0,nan,nan,400.0,0.0,0,0.0,0.0
11/25/2015,400.0,nan,nan,400.0,0.0,0,0.0,0.0
11/26/2015,400.0,nan,nan,400.0,0.0,0,0.0,0.0
11/27/2015,400.0,nan,nan,400.0,0.0,0,0.0,0.0
11/30/2015,400.0,nan,nan,400.0,0.0,0,0.0,0.0
12/01/2015,400.0,nan,nan,400.0,0.0,0,0.0,0.0
12/03/2015,400.0,nan,nan,400.0,0.0,0,0.0,0.0
12/04/2015,400.0,nan,nan,400.0,0.0,0,0.0,0.0
12/07/2015,400.0,nan,nan,400.0,0.0,0,0.0,0.0
12/09/2015,400.0,nan,nan,400.0,0.0,0,0.0,0.0
12/10/2015,400.0,nan,nan,400.0,0.0,0,0.0,0.0
12/11/2015,400.0,nan,nan,400.0,0.0,0,0.0,0.0
12/14/2015,400.0,nan,nan,400.0,0.0,0,0.0,0.0
12/15/2015,400.0,nan,nan,400.0,0.0,0,0.0,0.0
12/16/2015,400.0,400.0,400.0,400.0,0.0,80,32000.0,32000.0
12/17/2015,400.0,nan,nan,400.0,0.0,0,0.0,0.0
12/18/2015,400.0,nan,nan,400.0,0.0,0,0.0,0.0
12/21/2015,400.0,nan,nan,400.0,0.0,0,0.0,0.0
12/22/2015,400.0,nan,nan,400.0,0.0,0,0.0,0.0
12/23/2015,400.0,nan,nan,400.0,0.0,0,0.0,0.0
12/24/2015,400.0,nan,nan,400.0,0.0,0,0.0,0.0
12/25/2015,400.0,nan,nan,400.0,0.0,0,0.0,0.0
12/28/2015,400.0,nan,nan,400.0,0.0,0,0.0,0.0
12/29/2015,400.0,nan,nan,400.0,0.0,0,0.0,0.0
12/30/2015,400.0,nan,nan,400.0,0.0,0,0.0,0.0
01/04/2016,400.0,nan,nan,400.0,0.0,0,0.0,0.0
01/05/2016,400.0,nan,nan,400.0,0.0,0,0.0,0.0
01/08/2016,400.0,nan,nan,400.0,0.0,0,0.0,0.0
01/11/2016,400.0,nan,nan,400.0,0.0,0,0.0,0.0
01/12/2016,400.0,nan,nan,400.0,0.0,0,0.0,0.0
01/13/2016,400.0,nan,nan,400.0,0.0,0,0.0,0.0
01/14/2016,400.0,nan,nan,400.0,0.0,0,0.0,0.0
01/15/2016,400.0,nan,nan,400.0,0.0,0,0.0,0.0
01/18/2016,400.0,nan,nan,400.0,0.0,0,0.0,0.0
01/20/2016,400.0,nan,nan,400.0,0.0,0,0.0,0.0
01/21/2016,400.0,nan,nan,400.0,0.0,0,0.0,0.0
01/22/2016,400.0,nan,nan,400.0,0.0,0,0.0,0.0
01/25/2016,400.0,nan,nan,400.0,0.0,0,0.0,0.0
01/26/2016,400.0,nan,nan,400.0,0.0,0,0.0,0.0
01/27/2016,400.0,nan,nan,400.0,0.0,0,0.0,0.0
01/28/2016,400.0,nan,nan,400.0,0.0,0,0.0,0.0
01/29/2016,400.0,nan,nan,400.0,0.0,0,0.0,0.0
02/01/2016,400.0,nan,nan,400.0,0.0,0,0.0,0.0
02/02/2016,400.0,nan,nan,400.0,0.0,0,0.0,0.0
02/03/2016,400.0,nan,nan,400.0,0.0,0,0.0,0.0
02/04/2016,400.0,nan,nan,400.0,0.0,0,0.0,0.0
02/05/2016,400.0,nan,nan,400.0,0.0,0,0.0,0.0
02/08/2016,400.0,nan,nan,400.0,0.0,0,0.0,0.0
02/09/2016,400.0,nan,nan,400.0,0.0,0,0.0,0.0
02/10/2016,400.0,nan,nan,400.0,0.0,0,0.0,0.0
02/11/2016,400.0,nan,nan,400.0,0.0,0,0.0,0.0
02/12/2016,400.0,nan,nan,400.0,0.0,0,0.0,0.0
02/15/2016,400.0,nan,nan,400.0,0.0,0,0.0,0.0
02/16/2016,400.0,nan,nan,400.0,0.0,0,0.0,0.0
02/17/2016,400.0,nan,nan,400.0,0.0,0,0.0,0.0
02/18/2016,400.0,nan,nan,400.0,0.0,0,0.0,0.0
02/19/2016,400.0,nan,nan,400.0,0.0,0,0.0,0.0
02/22/2016,400.0,nan,nan,400.0,0.0,0,0.0,0.0
02/23/2016,400.0,nan,nan,400.0,0.0,0,0.0,0.0
02/24/2016,400.0,nan,nan,400.0,0.0,0,0.0,0.0
02/25/2016,400.0,nan,nan,400.0,0.0,0,0.0,0.0
02/26/2016,400.0,nan,nan,400.0,0.0,0,0.0,0.0
02/29/2016,400.0,nan,nan,400.0,0.0,0,0.0,0.0
03/01/2016,400.0,nan,nan,400.0,0.0,0,0.0,0.0
03/02/2016,400.0,nan,nan,400.0,0.0,0,0.0,0.0
03/03/2016,400.0,nan,nan,400.0,0.0,0,0.0,0.0
03/04/2016,400.0,nan,nan,400.0,0.0,0,0.0,0.0
03/07/2016,400.0,nan,nan,400.0,0.0,0,0.0,0.0
03/08/2016,400.0,nan,nan,400.0,0.0,0,0.0,0.0
03/09/2016,400.0,nan,nan,400.0,0.0,0,0.0,0.0
03/10/2016,400.0,nan,nan,400.0,0.0,0,0.0,0.0
03/11/2016,400.0,nan,nan,400.0,0.0,0,0.0,0.0
03/14/2016,400.0,nan,nan,400.0,0.0,0,0.0,0.0
03/15/2016,400.0,nan,nan,400.0,0.0,0,0.0,0.0
03/16/2016,400.0,nan,nan,400.0,0.0,0,0.0,0.0
03/17/2016,400.0,nan,nan,400.0,0.0,0,0.0,0.0
03/18/2016,400.0,nan,nan,400.0,0.0,0,0.0,0.0
03/21/2016,400.0,nan,nan,400.0,0.0,0,0.0,0.0
03/22/2016,400.0,nan,nan,400.0,0.0,0,0.0,0.0
03/23/2016,400.0,nan,nan,400.0,0.0,0,0.0,0.0
03/24/2016,400.0,nan,nan,400.0,0.0,0,0.0,0.0
03/25/2016,400.0,nan,nan,400.0,0.0,0,0.0,0.0
03/28/2016,400.0,nan,nan,400.0,0.0,0,0.0,0.0
03/29/2016,400.0,nan,nan,400.0,0.0,0,0.0,0.0
03/30/2016,400.0,nan,nan,400.0,0.0,0,0.0,0.0
03/31/2016,400.0,nan,nan,400.0,0.0,0,0.0,0.0
04/01/2016,400.0,nan,nan,400.0,0.0,0,0.0,0.0
04/04/2016,400.0,nan,nan,400.0,0.0,0,0.0,0.0
04/05/2016,400.0,nan,nan,400.0,0.0,0,0.0,0.0
04/06/2016,400.0,nan,nan,400.0,0.0,0,0.0,0.0
04/07/2016,400.0,nan,nan,400.0,0.0,0,0.0,0.0
04/08/2016,400.0,nan,nan,400.0,0.0,0,0.0,0.0
04/11/2016,400.0,nan,nan,400.0,0.0,0,0.0,0.0
04/12/2016,400.0,nan,nan,400.0,0.0,0,0.0,0.0
04/13/2016,400.0,nan,nan,400.0,0.0,0,0.0,0.0
04/14/2016,400.0,nan,nan,400.0,0.0,0,0.0,0.0
04/15/2016,400.0,nan,nan,400.0,0.0,0,0.0,0.0
04/18/2016,400.0,nan,nan,400.0,0.0,0,0.0,0.0
04/19/2016,400.0,nan,nan,400.0,0.0,0,0.0,0.0
04/20/2016,400.0,nan,nan,400.0,0.0,0,0.0,0.0
04/21/2016,400.0,nan,nan,400.0,0.0,0,0.0,0.0
04/22/2016,400.0,nan,nan,400.0,0.0,0,0.0,0.0
04/25/2016,400.0,nan,nan,400.0,0.0,0,0.0,0.0
04/26/2016,400.0,nan,nan,400.0,0.0,0,0.0,0.0
04/27/2016,400.0,nan,nan,400.0,0.0,0,0.0,0.0
04/28/2016,400.0,nan,nan,400.0,0.0,0,0.0,0.0
05/03/2016,400.0,nan,nan,400.0,0.0,0,0.0,0.0
05/04/2016,400.0,nan,nan,400.0,0.0,0,0.0,0.0
05/05/2016,400.0,nan,nan,400.0,0.0,0,0.0,0.0
05/06/2016,400.0,nan,nan,400.0,0.0,0,0.0,0.0
05/09/2016,400.0,nan,nan,400.0,0.0,0,0.0,0.0
05/10/2016,400.0,nan,nan,400.0,0.0,0,0.0,0.0
05/11/2016,400.0,nan,nan,400.0,0.0,0,0.0,0.0
05/12/2016,400.0,nan,nan,400.0,0.0,0,0.0,0.0
05/13/2016,400.0,nan,nan,400.0,0.0,0,0.0,0.0
05/16/2016,400.0,nan,nan,400.0,0.0,0,0.0,0.0
05/17/2016,400.0,nan,nan,400.0,0.0,0,0.0,0.0
05/18/2016,400.0,nan,nan,400.0,0.0,0,0.0,0.0
05/19/2016,400.0,nan,nan,400.0,0.0,0,0.0,0.0
05/20/2016,400.0,nan,nan,400.0,0.0,0,0.0,0.0
05/23/2016,400.0,nan,nan,400.0,0.0,0,0.0,0.0
05/25/2016,400.0,nan,nan,400.0,0.0,0,0.0,0.0
05/26/2016,400.0,nan,nan,400.0,0.0,0,0.0,0.0
05/27/2016,400.0,nan,nan,400.0,0.0,0,0.0,0.0
05/30/2016,400.0,nan,nan,400.0,0.0,0,0.0,0.0
05/31/2016,400.0,nan,nan,400.0,0.0,0,0.0,0.0
06/01/2016,400.0,nan,nan,400.0,0.0,0,0.0,0.0
06/02/2016,400.0,nan,nan,400.0,0.0,0,0.0,0.0
06/03/2016,400.0,nan,nan,400.0,0.0,0,0.0,0.0
06/06/2016,400.0,nan,nan,400.0,0.0,0,0.0,0.0
06/07/2016,400.0,nan,nan,400.0,0.0,0,0.0,0.0
06/08/2016,400.0,nan,nan,400.0,0.0,0,0.0,0.0
06/09/2016,400.0,nan,nan,400.0,0.0,0,0.0,0.0
06/10/2016,400.0,nan,nan,400.0,0.0,0,0.0,0.0
06/13/2016,400.0,nan,nan,400.0,0.0,0,0.0,0.0
06/14/2016,400.0,nan,nan,400.0,0.0,0,0.0,0.0
06/15/2016,400.0,nan,nan,400.0,0.0,0,0.0,0.0
06/16/2016,400.0,nan,nan,400.0,0.0,0,0.0,0.0
06/20/2016,400.0,nan,nan,400.0,0.0,0,0.0,0.0
06/21/2016,400.0,nan,nan,400.0,0.0,0,0.0,0.0
06/22/2016,400.0,nan,nan,400.0,0.0,0,0.0,0.0
06/23/2016,400.0,nan,nan,400.0,0.0,0,0.0,0.0
06/24/2016,400.0,nan,nan,400.0,0.0,0,0.0,0.0
06/27/2016,400.0,nan,nan,400.0,0.0,0,0.0,0.0
06/28/2016,400.0,nan,nan,400.0,0.0,0,0.0,0.0
06/29/2016,400.0,nan,nan,400.0,0.0,0,0.0,0.0
06/30/2016,400.0,nan,nan,400.0,0.0,0,0.0,0.0
07/01/2016,400.0,nan,nan,400.0,0.0,0,0.0,0.0
07/04/2016,400.0,nan,nan,400.0,0.0,0,0.0,0.0
07/06/2016,400.0,nan,nan,400.0,0.0,0,0.0,0.0
07/07/2016,400.0,nan,nan,400.0,0.0,0,0.0,0.0
07/08/2016,400.0,nan,nan,400.0,0.0,0,0.0,0.0
07/11/2016,400.0,nan,nan,400.0,0.0,0,0.0,0.0
07/12/2016,400.0,nan,nan,400.0,0.0,0,0.0,0.0
07/13/2016,400.0,nan,nan,400.0,0.0,0,0.0,0.0
07/14/2016,400.0,nan,nan,400.0,0.0,0,0.0,0.0
07/15/2016,400.0,nan,nan,400.0,0.0,0,0.0,0.0
07/18/2016,400.0,nan,nan,400.0,0.0,0,0.0,0.0
07/19/2016,400.0,nan,nan,400.0,0.0,0,0.0,0.0
07/20/2016,400.0,nan,nan,400.0,0.0,0,0.0,0.0
07/21/2016,400.0,nan,nan,400.0,0.0,0,0.0,0.0
07/22/2016,400.0,nan,nan,400.0,0.0,0,0.0,0.0
07/25/2016,400.0,nan,nan,400.0,0.0,0,0.0,0.0
07/26/2016,400.0,nan,nan,400.0,0.0,0,0.0,0.0
07/27/2016,400.0,nan,nan,400.0,0.0,0,0.0,0.0
07/28/2016,400.0,nan,nan,400.0,0.0,0,0.0,0.0
07/29/2016,400.0,nan,nan,400.0,0.0,0,0.0,0.0
08/01/2016,400.0,nan,nan,400.0,0.0,0,0.0,0.0
08/03/2016,400.0,nan,nan,400.0,0.0,0,0.0,0.0
08/04/2016,400.0,nan,nan,400.0,0.0,0,0.0,0.0
08/05/2016,400.0,nan,nan,400.0,0.0,0,0.0,0.0
08/08/2016,400.0,nan,nan,400.0,0.0,0,0.0,0.0
08/09/2016,400.0,nan,nan,400.0,0.0,0,0.0,0.0
08/10/2016,400.0,nan,nan,400.0,0.0,0,0.0,0.0
08/11/2016,400.0,nan,nan,400.0,0.0,0,0.0,0.0
08/12/2016,400.0,nan,nan,400.0,0.0,0,0.0,0.0
08/15/2016,400.0,nan,nan,400.0,0.0,0,0.0,0.0
08/16/2016,400.0,nan,nan,400.0,0.0,0,0.0,0.0
08/17/2016,400.0,nan,nan,400.0,0.0,0,0.0,0.0
08/18/2016,400.0,nan,nan,400.0,0.0,0,0.0,0.0
08/19/2016,400.0,nan,nan,400.0,0.0,0,0.0,0.0
08/22/2016,400.0,nan,nan,400.0,0.0,0,0.0,0.0
08/23/2016,400.0,nan,nan,400.0,0.0,0,0.0,0.0
08/24/2016,400.0,nan,nan,400.0,0.0,0,0.0,0.0
08/25/2016,400.0,nan,nan,400.0,0.0,0,0.0,0.0
08/26/2016,400.0,nan,nan,400.0,0.0,0,0.0,0.0
08/29/2016,400.0,nan,nan,400.0,0.0,0,0.0,0.0
08/30/2016,400.0,nan,nan,400.0,0.0,0,0.0,0.0
08/31/2016,400.0,nan,nan,400.0,0.0,0,0.0,0.0
09/01/2016,400.0,nan,nan,400.0,0.0,0,0.0,0.0
09/02/2016,400.0,nan,nan,400.0,0.0,0,0.0,0.0
09/05/2016,400.0,nan,nan,400.0,0.0,0,0.0,0.0
09/06/2016,400.0,nan,nan,400.0,0.0,0,0.0,0.0
09/07/2016,400.0,nan,nan,400.0,0.0,0,0.0,0.0
09/09/2016,400.0,nan,nan,400.0,0.0,0,0.0,0.0
09/12/2016,400.0,nan,nan,400.0,0.0,0,0.0,0.0
09/13/2016,400.0,nan,nan,400.0,0.0,0,0.0,0.0
09/14/2016,400.0,nan,nan,400.0,0.0,0,0.0,0.0
09/15/2016,400.0,nan,nan,400.0,0.0,0,0.0,0.0
09/16/2016,400.0,nan,nan,400.0,0.0,0,0.0,0.0
09/19/2016,400.0,nan,nan,400.0,0.0,0,0.0,0.0
09/20/2016,400.0,nan,nan,400.0,0.0,0,0.0,0.0
09/21/2016,400.0,nan,nan,400.0,0.0,0,0.0,0.0
09/22/2016,400.0,nan,nan,400.0,0.0,0,0.0,0.0
09/23/2016,400.0,nan,nan,400.0,0.0,0,0.0,0.0
09/26/2016,400.0,nan,nan,400.0,0.0,0,0.0,0.0
09/27/2016,400.0,nan,nan,400.0,0.0,0,0.0,0.0
09/28/2016,400.0,nan,nan,400.0,0.0,0,0.0,0.0
09/29/2016,400.0,nan,nan,400.0,0.0,0,0.0,0.0
09/30/2016,400.0,nan,nan,400.0,0.0,0,0.0,0.0
10/03/2016,400.0,nan,nan,400.0,0.0,0,0.0,0.0
10/04/2016,400.0,nan,nan,400.0,0.0,0,0.0,0.0
10/05/2016,400.0,nan,nan,400.0,0.0,0,0.0,0.0
10/06/2016,400.0,nan,nan,400.0,0.0,0,0.0,0.0
10/07/2016,400.0,nan,nan,400.0,0.0,0,0.0,0.0
10/10/2016,400.0,nan,nan,400.0,0.0,0,0.0,0.0
10/12/2016,400.0,nan,nan,400.0,0.0,0,0.0,0.0
10/13/2016,400.0,nan,nan,400.0,0.0,0,0.0,0.0
10/14/2016,400.0,nan,nan,400.0,0.0,0,0.0,0.0
10/17/2016,400.0,nan,nan,400.0,0.0,0,0.0,0.0
10/18/2016,400.0,nan,nan,400.0,0.0,0,0.0,0.0
10/19/2016,400.0,nan,nan,400.0,0.0,0,0.0,0.0
10/20/2016,400.0,nan,nan,400.0,0.0,0,0.0,0.0
10/21/2016,400.0,nan,nan,400.0,0.0,0,0.0,0.0
10/25/2016,400.0,nan,nan,400.0,0.0,0,0.0,0.0
10/26/2016,400.0,nan,nan,400.0,0.0,0,0.0,0.0
10/27/2016,400.0,nan,nan,400.0,0.0,0,0.0,0.0
10/28/2016,400.0,nan,nan,400.0,0.0,0,0.0,0.0
10/31/2016,400.0,nan,nan,400.0,0.0,0,0.0,0.0
11/01/2016,400.0,nan,nan,400.0,0.0,0,0.0,0.0
11/02/2016,400.0,nan,nan,400.0,0.0,0,0.0,0.0
11/03/2016,400.0,nan,nan,400.0,0.0,0,0.0,0.0
11/04/2016,400.0,nan,nan,400.0,0.0,0,0.0,0.0
11/07/2016,400.0,nan,nan,400.0,0.0,0,0.0,0.0
11/08/2016,400.0,nan,nan,400.0,0.0,0,0.0,0.0
11/09/2016,400.0,nan,nan,400.0,0.0,0,0.0,0.0
11/10/2016,400.0,nan,nan,400.0,0.0,0,0.0,0.0
11/11/2016,400.0,nan,nan,400.0,0.0,0,0.0,0.0
11/14/2016,400.0,nan,nan,400.0,0.0,0,0.0,0.0
11/15/2016,400.0,nan,nan,400.0,0.0,0,0.0,0.0
11/16/2016,400.0,nan,nan,400.0,0.0,0,0.0,0.0
11/17/2016,400.0,nan,nan,400.0,0.0,0,0.0,0.0
11/18/2016,400.0,nan,nan,400.0,0.0,0,0.0,0.0
11/21/2016,400.0,nan,nan,400.0,0.0,0,0.0,0.0
11/22/2016,400.0,nan,nan,400.0,0.0,0,0.0,0.0
11/23/2016,400.0,nan,nan,400.0,0.0,0,0.0,0.0
11/24/2016,400.0,nan,nan,400.0,0.0,0,0.0,0.0
11/25/2016,2800.0,2800.0,2800.0,2800.0,600.0,15,42000.0,42000.0
11/28/2016,2800.0,nan,nan,2800.0,0.0,0,0.0,0.0
11/29/2016,2800.0,nan,nan,2800.0,0.0,0,0.0,0.0
12/01/2016,2800.0,nan,nan,2800.0,0.0,0,0.0,0.0
12/02/2016,2800.0,nan,nan,2800.0,0.0,0,0.0,0.0
12/05/2016,2800.0,nan,nan,2800.0,0.0,0,0.0,0.0
12/06/2016,2800.0,nan,nan,2800.0,0.0,0,0.0,0.0
12/07/2016,2800.0,nan,nan,2800.0,0.0,0,0.0,0.0
12/09/2016,2800.0,nan,nan,2800.0,0.0,0,0.0,0.0
12/12/2016,2800.0,nan,nan,2800.0,0.0,0,0.0,0.0
12/13/2016,2800.0,nan,nan,2800.0,0.0,0,0.0,0.0
12/14/2016,2800.0,nan,nan,2800.0,0.0,0,0.0,0.0
12/15/2016,2800.0,nan,nan,2800.0,0.0,0,0.0,0.0
12/16/2016,2800.0,nan,nan,2800.0,0.0,0,0.0,0.0
12/19/2016,2800.0,nan,nan,2800.0,0.0,0,0.0,0.0
12/20/2016,2800.0,nan,nan,2800.0,0.0,0,0.0,0.0
12/21/2016,2800.0,nan,nan,2800.0,0.0,0,0.0,0.0
12/22/2016,2800.0,nan,nan,2800.0,0.0,0,0.0,0.0
12/23/2016,2800.0,nan,nan,2800.0,0.0,0,0.0,0.0
12/26/2016,2800.0,nan,nan,2800.0,0.0,0,0.0,0.0
12/27/2016,2800.0,nan,nan,2800.0,0.0,0,0.0,0.0
12/28/2016,2800.0,nan,nan,2800.0,0.0,0,0.0,0.0
12/29/2016,2800.0,nan,nan,2800.0,0.0,0,0.0,0.0
01/03/2017,2800.0,nan,nan,2800.0,0.0,0,0.0,0.0
01/04/2017,2800.0,nan,nan,2800.0,0.0,0,0.0,0.0
01/05/2017,2800.0,nan,nan,2800.0,0.0,0,0.0,0.0
01/09/2017,2800.0,nan,nan,2800.0,0.0,0,0.0,0.0
01/10/2017,2800.0,nan,nan,2800.0,0.0,0,0.0,0.0
01/11/2017,2800.0,nan,nan,2800.0,0.0,0,0.0,0.0
01/12/2017,2800.0,nan,nan,2800.0,0.0,0,0.0,0.0
01/13/2017,2800.0,nan,nan,2800.0,0.0,0,0.0,0.0
01/16/2017,2800.0,nan,nan,2800.0,0.0,0,0.0,0.0
01/17/2017,2800.0,nan,nan,2800.0,0.0,0,0.0,0.0
01/18/2017,2800.0,nan,nan,2800.0,0.0,0,0.0,0.0
01/20/2017,2800.0,nan,nan,2800.0,0.0,0,0.0,0.0
01/23/2017,2800.0,nan,nan,2800.0,0.0,0,0.0,0.0
01/24/2017,2800.0,nan,nan,2800.0,0.0,0,0.0,0.0
01/25/2017,2800.0,nan,nan,2800.0,0.0,0,0.0,0.0
01/26/2017,2800.0,nan,nan,2800.0,0.0,0,0.0,0.0
01/27/2017,2800.0,nan,nan,2800.0,0.0,0,0.0,0.0
01/30/2017,2800.0,nan,nan,2800.0,0.0,0,0.0,0.0
01/31/2017,2800.0,nan,nan,2800.0,0.0,0,0.0,0.0
02/01/2017,2800.0,nan,nan,2800.0,0.0,0,0.0,0.0
02/02/2017,2800.0,nan,nan,2800.0,0.0,0,0.0,0.0
02/03/2017,2800.0,nan,nan,2800.0,0.0,0,0.0,0.0
02/06/2017,2800.0,nan,nan,2800.0,0.0,0,0.0,0.0
02/07/2017,2800.0,nan,nan,2800.0,0.0,0,0.0,0.0
02/08/2017,2800.0,nan,nan,2800.0,0.0,0,0.0,0.0
02/09/2017,2800.0,nan,nan,2800.0,0.0,0,0.0,0.0
02/10/2017,2800.0,nan,nan,2800.0,0.0,0,0.0,0.0
02/13/2017,2800.0,nan,nan,2800.0,0.0,0,0.0,0.0
02/14/2017,2800.0,nan,nan,2800.0,0.0,0,0.0,0.0
02/15/2017,2800.0,nan,nan,2800.0,0.0,0,0.0,0.0
02/16/2017,2800.0,nan,nan,2800.0,0.0,0,0.0,0.0
02/17/2017,2800.0,nan,nan,2800.0,0.0,0,0.0,0.0
02/20/2017,2800.0,nan,nan,2800.0,0.0,0,0.0,0.0
02/21/2017,2800.0,nan,nan,2800.0,0.0,0,0.0,0.0
02/22/2017,2800.0,nan,nan,2800.0,0.0,0,0.0,0.0
02/23/2017,2800.0,nan,nan,2800.0,0.0,0,0.0,0.0
02/24/2017,2800.0,nan,nan,2800.0,0.0,0,0.0,0.0
02/27/2017,2800.0,nan,nan,2800.0,0.0,0,0.0,0.0
02/28/2017,2800.0,nan,nan,2800.0,0.0,0,0.0,0.0
03/01/2017,2800.0,nan,nan,2800.0,0.0,0,0.0,0.0
03/02/2017,2800.0,nan,nan,2800.0,0.0,0,0.0,0.0
03/03/2017,2800.0,nan,nan,2800.0,0.0,0,0.0,0.0
03/06/2017,2800.0,nan,nan,2800.0,0.0,0,0.0,0.0
03/07/2017,2800.0,nan,nan,2800.0,0.0,0,0.0,0.0
03/08/2017,2800.0,nan,nan,2800.0,0.0,0,0.0,0.0
03/09/2017,2800.0,nan,nan,2800.0,0.0,0,0.0,0.0
03/10/2017,2800.0,nan,nan,2800.0,0.0,0,0.0,0.0
03/13/2017,2800.0,nan,nan,2800.0,0.0,0,0.0,0.0
03/14/2017,2800.0,nan,nan,2800.0,0.0,0,0.0,0.0
03/15/2017,2800.0,nan,nan,2800.0,0.0,0,0.0,0.0
03/16/2017,2800.0,nan,nan,2800.0,0.0,0,0.0,0.0
03/17/2017,2800.0,nan,nan,2800.0,0.0,0,0.0,0.0
03/20/2017,2800.0,nan,nan,2800.0,0.0,0,0.0,0.0
03/21/2017,2800.0,nan,nan,2800.0,0.0,0,0.0,0.0
03/22/2017,2800.0,nan,nan,2800.0,0.0,0,0.0,0.0
03/23/2017,2800.0,nan,nan,2800.0,0.0,0,0.0,0.0
03/24/2017,2800.0,nan,nan,2800.0,0.0,0,0.0,0.0
03/27/2017,2800.0,nan,nan,2800.0,0.0,0,0.0,0.0
03/28/2017,2800.0,nan,nan,2800.0,0.0,0,0.0,0.0
03/29/2017,2800.0,nan,nan,2800.0,0.0,0,0.0,0.0
03/30/2017,2800.0,nan,nan,2800.0,0.0,0,0.0,0.0
03/31/2017,2800.0,nan,nan,2800.0,0.0,0,0.0,0.0
04/03/2017,2800.0,nan,nan,2800.0,0.0,0,0.0,0.0
04/04/2017,2800.0,nan,nan,2800.0,0.0,0,0.0,0.0
04/05/2017,2800.0,nan,nan,2800.0,0.0,0,0.0,0.0
04/06/2017,2800.0,nan,nan,2800.0,0.0,0,0.0,0.0
04/07/2017,2800.0,nan,nan,2800.0,0.0,0,0.0,0.0
04/10/2017,2800.0,nan,nan,2800.0,0.0,0,0.0,0.0
04/11/2017,2800.0,nan,nan,2800.0,0.0,0,0.0,0.0
04/12/2017,2800.0,nan,nan,2800.0,0.0,0,0.0,0.0
04/13/2017,2800.0,nan,nan,2800.0,0.0,0,0.0,0.0
04/18/2017,2800.0,nan,nan,2800.0,0.0,0,0.0,0.0
04/19/2017,2800.0,nan,nan,2800.0,0.0,0,0.0,0.0
04/20/2017,2800.0,nan,nan,2800.0,0.0,0,0.0,0.0
04/21/2017,2800.0,nan,nan,2800.0,0.0,0,0.0,0.0
04/24/2017,2800.0,nan,nan,2800.0,0.0,0,0.0,0.0
04/25/2017,2800.0,nan,nan,2800.0,0.0,0,0.0,0.0
04/26/2017,2800.0,nan,nan,2800.0,0.0,0,0.0,0.0
04/27/2017,2800.0,nan,nan,2800.0,0.0,0,0.0,0.0
04/28/2017,2800.0,nan,nan,2800.0,0.0,0,0.0,0.0
05/02/2017,2800.0,nan,nan,2800.0,0.0,0,0.0,0.0
05/03/2017,2800.0,nan,nan,2800.0,0.0,0,0.0,0.0
05/04/2017,2800.0,nan,nan,2800.0,0.0,0,0.0,0.0
05/05/2017,2800.0,nan,nan,2800.0,0.0,0,0.0,0.0
05/08/2017,2800.0,nan,nan,2800.0,0.0,0,0.0,0.0
05/09/2017,2800.0,nan,nan,2800.0,0.0,0,0.0,0.0
05/10/2017,2800.0,nan,nan,2800.0,0.0,0,0.0,0.0
05/11/2017,2800.0,nan,nan,2800.0,0.0,0,0.0,0.0
05/12/2017,2800.0,nan,nan,2800.0,0.0,0,0.0,0.0
05/15/2017,2800.0,nan,nan,2800.0,0.0,0,0.0,0.0
05/16/2017,2800.0,nan,nan,2800.0,0.0,0,0.0,0.0
05/17/2017,2800.0,nan,nan,2800.0,0.0,0,0.0,0.0
05/18/2017,2800.0,nan,nan,2800.0,0.0,0,0.0,0.0
05/19/2017,2800.0,nan,nan,2800.0,0.0,0,0.0,0.0
05/22/2017,2800.0,nan,nan,2800.0,0.0,0,0.0,0.0
05/23/2017,2800.0,nan,nan,2800.0,0.0,0,0.0,0.0
05/25/2017,2800.0,nan,nan,2800.0,0.0,0,0.0,0.0
05/26/2017,2800.0,nan,nan,2800.0,0.0,0,0.0,0.0
05/29/2017,2800.0,nan,nan,2800.0,0.0,0,0.0,0.0
05/30/2017,2800.0,nan,nan,2800.0,0.0,0,0.0,0.0
05/31/2017,2800.0,nan,nan,2800.0,0.0,0,0.0,0.0
06/01/2017,2800.0,nan,nan,2800.0,0.0,0,0.0,0.0
06/05/2017,2800.0,nan,nan,2800.0,0.0,0,0.0,0.0
06/06/2017,2800.0,nan,nan,2800.0,0.0,0,0.0,0.0
06/07/2017,2800.0,nan,nan,2800.0,0.0,0,0.0,0.0
06/08/2017,2800.0,nan,nan,2800.0,0.0,0,0.0,0.0
06/09/2017,2800.0,nan,nan,2800.0,0.0,0,0.0,0.0
06/12/2017,2800.0,nan,nan,2800.0,0.0,0,0.0,0.0
06/13/2017,2800.0,nan,nan,2800.0,0.0,0,0.0,0.0
06/14/2017,2800.0,nan,nan,2800.0,0.0,0,0.0,0.0
06/15/2017,2800.0,nan,nan,2800.0,0.0,0,0.0,0.0
06/16/2017,2800.0,nan,nan,2800.0,0.0,0,0.0,0.0
06/19/2017,2800.0,nan,nan,2800.0,0.0,0,0.0,0.0
06/20/2017,2800.0,nan,nan,2800.0,0.0,0,0.0,0.0
06/21/2017,2800.0,nan,nan,2800.0,0.0,0,0.0,0.0
06/22/2017,2800.0,nan,nan,2800.0,0.0,0,0.0,0.0
06/23/2017,2800.0,nan,nan,2800.0,0.0,0,0.0,0.0
06/27/2017,2800.0,nan,nan,2800.0,0.0,0,0.0,0.0
06/28/2017,2800.0,nan,nan,2800.0,0.0,0,0.0,0.0
06/29/2017,2800.0,nan,nan,2800.0,0.0,0,0.0,0.0
06/30/2017,2800.0,nan,nan,2800.0,0.0,0,0.0,0.0
07/03/2017,2800.0,nan,nan,2800.0,0.0,0,0.0,0.0
07/04/2017,2800.0,nan,nan,2800.0,0.0,0,0.0,0.0
07/05/2017,2800.0,nan,nan,2800.0,0.0,0,0.0,0.0
07/06/2017,2800.0,nan,nan,2800.0,0.0,0,0.0,0.0
07/07/2017,2800.0,nan,nan,2800.0,0.0,0,0.0,0.0
07/10/2017,2800.0,nan,nan,2800.0,0.0,0,0.0,0.0
07/11/2017,2800.0,nan,nan,2800.0,0.0,0,0.0,0.0
07/12/2017,2800.0,nan,nan,2800.0,0.0,0,0.0,0.0
07/13/2017,2800.0,nan,nan,2800.0,0.0,0,0.0,0.0
07/14/2017,2800.0,nan,nan,2800.0,0.0,0,0.0,0.0
07/17/2017,2800.0,nan,nan,2800.0,0.0,0,0.0,0.0
07/18/2017,2800.0,nan,nan,2800.0,0.0,0,0.0,0.0
07/19/2017,2800.0,nan,nan,2800.0,0.0,0,0.0,0.0
07/20/2017,2800.0,nan,nan,2800.0,0.0,0,0.0,0.0
07/21/2017,2800.0,nan,nan,2800.0,0.0,0,0.0,0.0
07/24/2017,2800.0,nan,nan,2800.0,0.0,0,0.0,0.0
07/25/2017,2800.0,nan,nan,2800.0,0.0,0,0.0,0.0
07/26/2017,2800.0,nan,nan,2800.0,0.0,0,0.0,0.0
07/27/2017,2800.0,nan,nan,2800.0,0.0,0,0.0,0.0
07/28/2017,2800.0,nan,nan,2800.0,0.0,0,0.0,0.0
07/31/2017,2800.0,nan,nan,2800.0,0.0,0,0.0,0.0
08/01/2017,2800.0,nan,nan,2800.0,0.0,0,0.0,0.0
08/03/2017,2800.0,nan,nan,2800.0,0.0,0,0.0,0.0
08/04/2017,2800.0,nan,nan,2800.0,0.0,0,0.0,0.0
08/07/2017,2800.0,nan,nan,2800.0,0.0,0,0.0,0.0
08/08/2017,2800.0,nan,nan,2800.0,0.0,0,0.0,0.0
08/09/2017,2800.0,nan,nan,2800.0,0.0,0,0.0,0.0
08/10/2017,2800.0,nan,nan,2800.0,0.0,0,0.0,0.0
08/11/2017,2800.0,nan,nan,2800.0,0.0,0,0.0,0.0
08/14/2017,2800.0,nan,nan,2800.0,0.0,0,0.0,0.0
08/15/2017,2800.0,nan,nan,2800.0,0.0,0,0.0,0.0
08/16/2017,2800.0,nan,nan,2800.0,0.0,0,0.0,0.0
08/17/2017,2800.0,nan,nan,2800.0,0.0,0,0.0,0.0
08/18/2017,2800.0,nan,nan,2800.0,0.0,0,0.0,0.0
08/21/2017,2800.0,nan,nan,2800.0,0.0,0,0.0,0.0
08/22/2017,2800.0,nan,nan,2800.0,0.0,0,0.0,0.0
08/23/2017,2800.0,nan,nan,2800.0,0.0,0,0.0,0.0
08/24/2017,2800.0,nan,nan,2800.0,0.0,0,0.0,0.0
08/25/2017,2800.0,nan,nan,2800.0,0.0,0,0.0,0.0
08/29/2017,2800.0,nan,nan,2800.0,0.0,0,0.0,0.0
08/30/2017,2800.0,nan,nan,2800.0,0.0,0,0.0,0.0
08/31/2017,2800.0,nan,nan,2800.0,0.0,0,0.0,0.0
09/01/2017,2800.0,nan,nan,2800.0,0.0,0,0.0,0.0
09/04/2017,2800.0,nan,nan,2800.0,0.0,0,0.0,0.0
09/05/2017,2800.0,nan,nan,2800.0,0.0,0,0.0,0.0
09/06/2017,2800.0,nan,nan,2800.0,0.0,0,0.0,0.0
09/07/2017,2800.0,nan,nan,2800.0,0.0,0,0.0,0.0
09/11/2017,2800.0,nan,nan,2800.0,0.0,0,0.0,0.0
09/12/2017,2800.0,nan,nan,2800.0,0.0,0,0.0,0.0
09/13/2017,2800.0,nan,nan,2800.0,0.0,0,0.0,0.0
09/14/2017,2800.0,nan,nan,2800.0,0.0,0,0.0,0.0
09/15/2017,2800.0,nan,nan,2800.0,0.0,0,0.0,0.0
09/18/2017,2800.0,nan,nan,2800.0,0.0,0,0.0,0.0
09/19/2017,2800.0,nan,nan,2800.0,0.0,0,0.0,0.0
09/20/2017,2800.0,nan,nan,2800.0,0.0,0,0.0,0.0
09/21/2017,2800.0,nan,nan,2800.0,0.0,0,0.0,0.0
09/22/2017,2800.0,nan,nan,2800.0,0.0,0,0.0,0.0
09/25/2017,2800.0,nan,nan,2800.0,0.0,0,0.0,0.0
09/26/2017,2800.0,nan,nan,2800.0,0.0,0,0.0,0.0
09/27/2017,2800.0,nan,nan,2800.0,0.0,0,0.0,0.0
09/28/2017,2800.0,nan,nan,2800.0,0.0,0,0.0,0.0
09/29/2017,2800.0,nan,nan,2800.0,0.0,0,0.0,0.0
10/02/2017,2800.0,nan,nan,2800.0,0.0,0,0.0,0.0
10/03/2017,2800.0,nan,nan,2800.0,0.0,0,0.0,0.0
10/04/2017,2800.0,nan,nan,2800.0,0.0,0,0.0,0.0
10/05/2017,2800.0,nan,nan,2800.0,0.0,0,0.0,0.0
10/06/2017,2800.0,nan,nan,2800.0,0.0,0,0.0,0.0
10/09/2017,2800.0,nan,nan,2800.0,0.0,0,0.0,0.0
10/10/2017,2800.0,nan,nan,2800.0,0.0,0,0.0,0.0
10/12/2017,2800.0,nan,nan,2800.0,0.0,0,0.0,0.0
10/13/2017,2800.0,nan,nan,2800.0,0.0,0,0.0,0.0
10/16/2017,2800.0,nan,nan,2800.0,0.0,0,0.0,0.0
10/17/2017,2800.0,nan,nan,2800.0,0.0,0,0.0,0.0
10/18/2017,2800.0,nan,nan,2800.0,0.0,0,0.0,0.0
10/19/2017,2800.0,nan,nan,2800.0,0.0,0,0.0,0.0
10/20/2017,2800.0,nan,nan,2800.0,0.0,0,0.0,0.0
10/24/2017,2800.0,nan,nan,2800.0,0.0,0,0.0,0.0
10/25/2017,2800.0,nan,nan,2800.0,0.0,0,0.0,0.0
10/26/2017,2800.0,nan,nan,2800.0,0.0,0,0.0,0.0
10/27/2017,2800.0,nan,nan,2800.0,0.0,0,0.0,0.0
10/30/2017,2800.0,nan,nan,2800.0,0.0,0,0.0,0.0
10/31/2017,2800.0,nan,nan,2800.0,0.0,0,0.0,0.0
11/01/2017,2800.0,nan,nan,2800.0,0.0,0,0.0,0.0
11/02/2017,2800.0,nan,nan,2800.0,0.0,0,0.0,0.0
11/03/2017,2800.0,nan,nan,2800.0,0.0,0,0.0,0.0
11/06/2017,2800.0,nan,nan,2800.0,0.0,0,0.0,0.0
11/07/2017,2800.0,nan,nan,2800.0,0.0,0,0.0,0.0
11/08/2017,2800.0,nan,nan,2800.0,0.0,0,0.0,0.0
11/09/2017,2800.0,nan,nan,2800.0,0.0,0,0.0,0.0
11/10/2017,2800.0,nan,nan,2800.0,0.0,0,0.0,0.0
11/13/2017,2800.0,nan,nan,2800.0,0.0,0,0.0,0.0
11/14/2017,2800.0,nan,nan,2800.0,0.0,0,0.0,0.0
11/15/2017,2800.0,nan,nan,2800.0,0.0,0,0.0,0.0
11/16/2017,2800.0,nan,nan,2800.0,0.0,0,0.0,0.0
11/17/2017,2800.0,nan,nan,2800.0,0.0,0,0.0,0.0
11/20/2017,2800.0,nan,nan,2800.0,0.0,0,0.0,0.0
11/21/2017,2800.0,nan,nan,2800.0,0.0,0,0.0,0.0
11/22/2017,2800.0,nan,nan,2800.0,0.0,0,0.0,0.0
11/23/2017,2800.0,nan,nan,2800.0,0.0,0,0.0,0.0
11/24/2017,2800.0,nan,nan,2800.0,0.0,0,0.0,0.0
11/27/2017,2800.0,nan,nan,2800.0,0.0,0,0.0,0.0
11/28/2017,2800.0,nan,nan,2800.0,0.0,0,0.0,0.0
11/29/2017,2800.0,nan,nan,2800.0,0.0,0,0.0,0.0
11/30/2017,2800.0,nan,nan,2800.0,0.0,0,0.0,0.0
12/01/2017,2800.0,nan,nan,2800.0,0.0,0,0.0,0.0
12/04/2017,2800.0,nan,nan,2800.0,0.0,0,0.0,0.0
12/05/2017,2800.0,nan,nan,2800.0,0.0,0,0.0,0.0
12/06/2017,2800.0,nan,nan,2800.0,0.0,0,0.0,0.0
12/07/2017,2800.0,nan,nan,2800.0,0.0,0,0.0,0.0
12/11/2017,2800.0,nan,nan,2800.0,0.0,0,0.0,0.0
12/12/2017,2800.0,nan,nan,2800.0,0.0,0,0.0,0.0
12/13/2017,2800.0,nan,nan,2800.0,0.0,0,0.0,0.0
12/14/2017,2800.0,nan,nan,2800.0,0.0,0,0.0,0.0
12/15/2017,2800.0,nan,nan,2800.0,0.0,0,0.0,0.0
12/18/2017,2800.0,nan,nan,2800.0,0.0,0,0.0,0.0
12/19/2017,2800.0,nan,nan,2800.0,0.0,0,0.0,0.0
12/20/2017,2800.0,nan,nan,2800.0,0.0,0,0.0,0.0
12/21/2017,2800.0,nan,nan,2800.0,0.0,0,0.0,0.0
12/22/2017,2800.0,nan,nan,2800.0,0.0,0,0.0,0.0
12/25/2017,2800.0,nan,nan,2800.0,0.0,0,0.0,0.0
12/26/2017,2800.0,nan,nan,2800.0,0.0,0,0.0,0.0
12/27/2017,2800.0,nan,nan,2800.0,0.0,0,0.0,0.0
12/28/2017,2800.0,nan,nan,2800.0,0.0,0,0.0,0.0
01/02/2018,2800.0,nan,nan,2800.0,0.0,0,0.0,0.0
01/03/2018,2800.0,nan,nan,2800.0,0.0,0,0.0,0.0
01/04/2018,2800.0,nan,nan,2800.0,0.0,0,0.0,0.0
01/05/2018,2800.0,nan,nan,2800.0,0.0,0,0.0,0.0
01/09/2018,2800.0,nan,nan,2800.0,0.0,0,0.0,0.0
01/10/2018,2800.0,nan,nan,2800.0,0.0,0,0.0,0.0
01/11/2018,2800.0,nan,nan,2800.0,0.0,0,0.0,0.0
01/12/2018,2800.0,nan,nan,2800.0,0.0,0,0.0,0.0
01/15/2018,2800.0,nan,nan,2800.0,0.0,0,0.0,0.0
01/16/2018,2800.0,nan,nan,2800.0,0.0,0,0.0,0.0
01/17/2018,2800.0,nan,nan,2800.0,0.0,0,0.0,0.0
01/18/2018,2800.0,nan,nan,2800.0,0.0,0,0.0,0.0
01/22/2018,2800.0,nan,nan,2800.0,0.0,0,0.0,0.0
01/23/2018,2800.0,nan,nan,2800.0,0.0,0,0.0,0.0
01/24/2018,2800.0,nan,nan,2800.0,0.0,0,0.0,0.0
01/25/2018,2800.0,nan,nan,2800.0,0.0,0,0.0,0.0
01/26/2018,2800.0,nan,nan,2800.0,0.0,0,0.0,0.0
01/29/2018,2800.0,nan,nan,2800.0,0.0,0,0.0,0.0
01/30/2018,2800.0,nan,nan,2800.0,0.0,0,0.0,0.0
01/31/2018,2800.0,nan,nan,2800.0,0.0,0,0.0,0.0
02/01/2018,2800.0,nan,nan,2800.0,0.0,0,0.0,0.0
02/02/2018,2800.0,nan,nan,2800.0,0.0,0,0.0,0.0
02/05/2018,2800.0,nan,nan,2800.0,0.0,0,0.0,0.0
02/06/2018,2800.0,nan,nan,2800.0,0.0,0,0.0,0.0
02/07/2018,2800.0,nan,nan,2800.0,0.0,0,0.0,0.0
02/08/2018,2800.0,nan,nan,2800.0,0.0,0,0.0,0.0
02/09/2018,2800.0,nan,nan,2800.0,0.0,0,0.0,0.0
02/12/2018,2800.0,nan,nan,2800.0,0.0,0,0.0,0.0
02/13/2018,2800.0,nan,nan,2800.0,0.0,0,0.0,0.0
02/14/2018,2800.0,nan,nan,2800.0,0.0,0,0.0,0.0
02/15/2018,2800.0,nan,nan,2800.0,0.0,0,0.0,0.0
02/16/2018,2800.0,nan,nan,2800.0,0.0,0,0.0,0.0
02/19/2018,2800.0,nan,nan,2800.0,0.0,0,0.0,0.0
02/20/2018,2800.0,nan,nan,2800.0,0.0,0,0.0,0.0
02/21/2018,2800.0,nan,nan,2800.0,0.0,0,0.0,0.0
02/22/2018,2800.0,nan,nan,2800.0,0.0,0,0.0,0.0
02/23/2018,2800.0,nan,nan,2800.0,0.0,0,0.0,0.0
02/26/2018,2800.0,nan,nan,2800.0,0.0,0,0.0,0.0
02/27/2018,2800.0,nan,nan,2800.0,0.0,0,0.0,0.0
02/28/2018,2800.0,nan,nan,2800.0,0.0,0,0.0,0.0
03/01/2018,2800.0,nan,nan,2800.0,0.0,0,0.0,0.0
03/02/2018,2800.0,nan,nan,2800.0,0.0,0,0.0,0.0
03/05/2018,2800.0,nan,nan,2800.0,0.0,0,0.0,0.0
03/06/2018,2800.0,nan,nan,2800.0,0.0,0,0.0,0.0
03/07/2018,2800.0,nan,nan,2800.0,0.0,0,0.0,0.0
03/08/2018,2800.0,nan,nan,2800.0,0.0,0,0.0,0.0
03/09/2018,2800.0,nan,nan,2800.0,0.0,0,0.0,0.0
03/12/2018,2800.0,nan,nan,2800.0,0.0,0,0.0,0.0
03/13/2018,2800.0,nan,nan,2800.0,0.0,0,0.0,0.0
03/14/2018,2800.0,nan,nan,2800.0,0.0,0,0.0,0.0
03/15/2018,2800.0,nan,nan,2800.0,0.0,0,0.0,0.0
03/16/2018,2800.0,nan,nan,2800.0,0.0,0,0.0,0.0
03/19/2018,2800.0,nan,nan,2800.0,0.0,0,0.0,0.0
03/20/2018,2800.0,nan,nan,2800.0,0.0,0,0.0,0.0
03/21/2018,2800.0,nan,nan,2800.0,0.0,0,0.0,0.0
03/22/2018,2800.0,nan,nan,2800.0,0.0,0,0.0,0.0
03/23/2018,2800.0,nan,nan,2800.0,0.0,0,0.0,0.0
03/26/2018,2800.0,nan,nan,2800.0,0.0,0,0.0,0.0
03/27/2018,2800.0,nan,nan,2800.0,0.0,0,0.0,0.0
03/28/2018,2800.0,nan,nan,2800.0,0.0,0,0.0,0.0
03/29/2018,2800.0,nan,nan,2800.0,0.0,0,0.0,0.0
03/30/2018,2800.0,nan,nan,2800.0,0.0,0,0.0,0.0
04/02/2018,2800.0,nan,nan,2800.0,0.0,0,0.0,0.0
04/03/2018,2800.0,nan,nan,2800.0,0.0,0,0.0,0.0
04/04/2018,2800.0,nan,nan,2800.0,0.0,0,0.0,0.0
04/05/2018,2800.0,nan,nan,2800.0,0.0,0,0.0,0.0
04/10/2018,2800.0,nan,nan,2800.0,0.0,0,0.0,0.0
04/11/2018,2800.0,nan,nan,2800.0,0.0,0,0.0,0.0
04/12/2018,2800.0,nan,nan,2800.0,0.0,0,0.0,0.0
04/13/2018,2800.0,nan,nan,2800.0,0.0,0,0.0,0.0
04/16/2018,2800.0,nan,nan,2800.0,0.0,0,0.0,0.0
04/17/2018,2800.0,nan,nan,2800.0,0.0,0,0.0,0.0
04/18/2018,2800.0,nan,nan,2800.0,0.0,0,0.0,0.0
04/19/2018,2800.0,nan,nan,2800.0,0.0,0,0.0,0.0
04/20/2018,2800.0,nan,nan,2800.0,0.0,0,0.0,0.0
04/23/2018,2800.0,nan,nan,2800.0,0.0,0,0.0,0.0
04/24/2018,2800.0,nan,nan,2800.0,0.0,0,0.0,0.0
04/25/2018,2800.0,nan,nan,2800.0,0.0,0,0.0,0.0
04/26/2018,2800.0,nan,nan,2800.0,0.0,0,0.0,0.0
04/27/2018,2800.0,nan,nan,2800.0,0.0,0,0.0,0.0
04/30/2018,2800.0,nan,nan,2800.0,0.0,0,0.0,0.0
05/02/2018,2800.0,nan,nan,2800.0,0.0,0,0.0,0.0
05/03/2018,2800.0,nan,nan,2800.0,0.0,0,0.0,0.0
05/04/2018,2800.0,nan,nan,2800.0,0.0,0,0.0,0.0
05/07/2018,2800.0,nan,nan,2800.0,0.0,0,0.0,0.0
05/08/2018,2800.0,nan,nan,2800.0,0.0,0,0.0,0.0
05/09/2018,2800.0,nan,nan,2800.0,0.0,0,0.0,0.0
05/10/2018,2800.0,nan,nan,2800.0,0.0,0,0.0,0.0
05/11/2018,2800.0,nan,nan,2800.0,0.0,0,0.0,0.0
05/14/2018,2800.0,nan,nan,2800.0,0.0,0,0.0,0.0
05/15/2018,2800.0,nan,nan,2800.0,0.0,0,0.0,0.0
05/16/2018,2800.0,nan,nan,2800.0,0.0,0,0.0,0.0
05/17/2018,2800.0,nan,nan,2800.0,0.0,0,0.0,0.0
05/18/2018,2800.0,nan,nan,2800.0,0.0,0,0.0,0.0
05/21/2018,2800.0,nan,nan,2800.0,0.0,0,0.0,0.0
05/22/2018,2800.0,nan,nan,2800.0,0.0,0,0.0,0.0
05/23/2018,2800.0,nan,nan,2800.0,0.0,0,0.0,0.0
05/28/2018,2800.0,nan,nan,2800.0,0.0,0,0.0,0.0
05/29/2018,2800.0,nan,nan,2800.0,0.0,0,0.0,0.0
05/30/2018,2800.0,nan,nan,2800.0,0.0,0,0.0,0.0
05/31/2018,2800.0,nan,nan,2800.0,0.0,0,0.0,0.0
06/01/2018,2800.0,nan,nan,2800.0,0.0,0,0.0,0.0
06/04/2018,2800.0,nan,nan,2800.0,0.0,0,0.0,0.0
06/05/2018,2800.0,nan,nan,2800.0,0.0,0,0.0,0.0
06/06/2018,2800.0,nan,nan,2800.0,0.0,0,0.0,0.0
06/07/2018,2800.0,nan,nan,2800.0,0.0,0,0.0,0.0
06/08/2018,2800.0,nan,nan,2800.0,0.0,0,0.0,0.0
06/11/2018,2800.0,nan,nan,2800.0,0.0,0,0.0,0.0
06/12/2018,2800.0,nan,nan,2800.0,0.0,0,0.0,0.0
06/13/2018,2800.0,nan,nan,2800.0,0.0,0,0.0,0.0
06/14/2018,2800.0,nan,nan,2800.0,0.0,0,0.0,0.0
06/18/2018,2800.0,nan,nan,2800.0,0.0,0,0.0,0.0
06/19/2018,2800.0,nan,nan,2800.0,0.0,0,0.0,0.0
06/20/2018,2800.0,nan,nan,2800.0,0.0,0,0.0,0.0
06/21/2018,2800.0,nan,nan,2800.0,0.0,0,0.0,0.0
06/22/2018,2800.0,nan,nan,2800.0,0.0,0,0.0,0.0
06/25/2018,2800.0,nan,nan,2800.0,0.0,0,0.0,0.0
06/26/2018,2800.0,nan,nan,2800.0,0.0,0,0.0,0.0
06/27/2018,2800.0,nan,nan,2800.0,0.0,0,0.0,0.0
06/28/2018,2800.0,nan,nan,2800.0,0.0,0,0.0,0.0
06/29/2018,2800.0,nan,nan,2800.0,0.0,0,0.0,0.0
07/02/2018,2800.0,nan,nan,2800.0,0.0,0,0.0,0.0
07/03/2018,2800.0,nan,nan,2800.0,0.0,0,0.0,0.0
07/04/2018,2800.0,nan,nan,2800.0,0.0,0,0.0,0.0
07/05/2018,2800.0,nan,nan,2800.0,0.0,0,0.0,0.0
07/06/2018,2800.0,nan,nan,2800.0,0.0,0,0.0,0.0
07/09/2018,2800.0,nan,nan,2800.0,0.0,0,0.0,0.0
07/10/2018,2800.0,nan,nan,2800.0,0.0,0,0.0,0.0
07/11/2018,2800.0,nan,nan,2800.0,0.0,0,0.0,0.0
07/12/2018,2800.0,nan,nan,2800.0,0.0,0,0.0,0.0
07/13/2018,2800.0,nan,nan,2800.0,0.0,0,0.0,0.0
07/16/2018,2800.0,nan,nan,2800.0,0.0,0,0.0,0.0
07/17/2018,2800.0,nan,nan,2800.0,0.0,0,0.0,0.0
07/18/2018,2800.0,nan,nan,2800.0,0.0,0,0.0,0.0
07/19/2018,2800.0,nan,nan,2800.0,0.0,0,0.0,0.0
07/20/2018,2800.0,nan,nan,2800.0,0.0,0,0.0,0.0
07/23/2018,2800.0,nan,nan,2800.0,0.0,0,0.0,0.0
07/24/2018,2800.0,nan,nan,2800.0,0.0,0,0.0,0.0
07/25/2018,2800.0,nan,nan,2800.0,0.0,0,0.0,0.0
07/26/2018,2800.0,nan,nan,2800.0,0.0,0,0.0,0.0
07/27/2018,2800.0,nan,nan,2800.0,0.0,0,0.0,0.0
07/30/2018,2800.0,nan,nan,2800.0,0.0,0,0.0,0.0
07/31/2018,2800.0,nan,nan,2800.0,0.0,0,0.0,0.0
08/01/2018,2800.0,nan,nan,2800.0,0.0,0,0.0,0.0
08/03/2018,2800.0,nan,nan,2800.0,0.0,0,0.0,0.0
08/06/2018,2800.0,nan,nan,2800.0,0.0,0,0.0,0.0
08/07/2018,2800.0,nan,nan,2800.0,0.0,0,0.0,0.0
08/08/2018,2800.0,nan,nan,2800.0,0.0,0,0.0,0.0
08/09/2018,2800.0,nan,nan,2800.0,0.0,0,0.0,0.0
08/10/2018,2800.0,nan,nan,2800.0,0.0,0,0.0,0.0
08/13/2018,2800.0,nan,nan,2800.0,0.0,0,0.0,0.0
08/14/2018,2800.0,nan,nan,2800.0,0.0,0,0.0,0.0
08/15/2018,2800.0,nan,nan,2800.0,0.0,0,0.0,0.0
08/16/2018,2800.0,nan,nan,2800.0,0.0,0,0.0,0.0
08/17/2018,2800.0,nan,nan,2800.0,0.0,0,0.0,0.0
08/20/2018,2800.0,nan,nan,2800.0,0.0,0,0.0,0.0
08/21/2018,2800.0,nan,nan,2800.0,0.0,0,0.0,0.0
08/22/2018,2800.0,nan,nan,2800.0,0.0,0,0.0,0.0
08/23/2018,2800.0,nan,nan,2800.0,0.0,0,0.0,0.0
08/24/2018,2800.0,nan,nan,2800.0,0.0,0,0.0,0.0
08/27/2018,2800.0,nan,nan,2800.0,0.0,0,0.0,0.0
08/29/2018,2800.0,nan,nan,2800.0,0.0,0,0.0,0.0
08/30/2018,2800.0,nan,nan,2800.0,0.0,0,0.0,0.0
08/31/2018,2800.0,nan,nan,2800.0,0.0,0,0.0,0.0
09/03/2018,2800.0,nan,nan,2800.0,0.0,0,0.0,0.0
09/04/2018,2800.0,nan,nan,2800.0,0.0,0,0.0,0.0
09/05/2018,2800.0,nan,nan,2800.0,0.0,0,0.0,0.0
09/06/2018,2800.0,nan,nan,2800.0,0.0,0,0.0,0.0
09/07/2018,2800.0,nan,nan,2800.0,0.0,0,0.0,0.0
09/10/2018,2800.0,nan,nan,2800.0,0.0,0,0.0,0.0
09/11/2018,2800.0,nan,nan,2800.0,0.0,0,0.0,0.0
09/12/2018,2800.0,nan,nan,2800.0,0.0,0,0.0,0.0
09/13/2018,2800.0,nan,nan,2800.0,0.0,0,0.0,0.0
09/14/2018,2800.0,nan,nan,2800.0,0.0,0,0.0,0.0
09/17/2018,2800.0,nan,nan,2800.0,0.0,0,0.0,0.0
09/18/2018,2800.0,nan,nan,2800.0,0.0,0,0.0,0.0
09/19/2018,2800.0,nan,nan,2800.0,0.0,0,0.0,0.0
09/20/2018,2800.0,nan,nan,2800.0,0.0,0,0.0,0.0
09/21/2018,2800.0,nan,nan,2800.0,0.0,0,0.0,0.0
09/24/2018,2800.0,nan,nan,2800.0,0.0,0,0.0,0.0
09/25/2018,2800.0,nan,nan,2800.0,0.0,0,0.0,0.0
09/26/2018,2800.0,nan,nan,2800.0,0.0,0,0.0,0.0
09/27/2018,2800.0,nan,nan,2800.0,0.0,0,0.0,0.0
09/28/2018,2800.0,nan,nan,2800.0,0.0,0,0.0,0.0
10/01/2018,2800.0,nan,nan,2800.0,0.0,0,0.0,0.0
10/02/2018,2800.0,nan,nan,2800.0,0.0,0,0.0,0.0
10/03/2018,2800.0,nan,nan,2800.0,0.0,0,0.0,0.0
10/04/2018,2800.0,nan,nan,2800.0,0.0,0,0.0,0.0
10/05/2018,2800.0,nan,nan,2800.0,0.0,0,0.0,0.0
10/08/2018,2800.0,nan,nan,2800.0,0.0,0,0.0,0.0
10/09/2018,2800.0,nan,nan,2800.0,0.0,0,0.0,0.0
10/10/2018,2800.0,nan,nan,2800.0,0.0,0,0.0,0.0
10/12/2018,2800.0,nan,nan,2800.0,0.0,0,0.0,0.0
10/15/2018,2800.0,nan,nan,2800.0,0.0,0,0.0,0.0
10/16/2018,2800.0,nan,nan,2800.0,0.0,0,0.0,0.0
10/17/2018,2800.0,nan,nan,2800.0,0.0,0,0.0,0.0
10/18/2018,2800.0,nan,nan,2800.0,0.0,0,0.0,0.0
10/19/2018,2800.0,nan,nan,2800.0,0.0,0,0.0,0.0
10/22/2018,2800.0,nan,nan,2800.0,0.0,0,0.0,0.0
10/24/2018,2800.0,nan,nan,2800.0,0.0,0,0.0,0.0
10/25/2018,2800.0,nan,nan,2800.0,0.0,0,0.0,0.0
10/26/2018,2800.0,nan,nan,2800.0,0.0,0,0.0,0.0
10/29/2018,2800.0,nan,nan,2800.0,0.0,0,0.0,0.0
10/30/2018,2800.0,nan,nan,2800.0,0.0,0,0.0,0.0
10/31/2018,2800.0,nan,nan,2800.0,0.0,0,0.0,0.0
11/01/2018,2800.0,nan,nan,2800.0,0.0,0,0.0,0.0
11/02/2018,2800.0,nan,nan,2800.0,0.0,0,0.0,0.0
11/05/2018,2800.0,nan,nan,2800.0,0.0,0,0.0,0.0
11/06/2018,2800.0,nan,nan,2800.0,0.0,0,0.0,0.0
11/07/2018,2800.0,nan,nan,2800.0,0.0,0,0.0,0.0
11/08/2018,2800.0,nan,nan,2800.0,0.0,0,0.0,0.0
11/09/2018,2800.0,nan,nan,2800.0,0.0,0,0.0,0.0
11/12/2018,2800.0,nan,nan,2800.0,0.0,0,0.0,0.0
11/13/2018,2800.0,nan,nan,2800.0,0.0,0,0.0,0.0
11/14/2018,2800.0,nan,nan,2800.0,0.0,0,0.0,0.0
11/15/2018,2800.0,nan,nan,2800.0,0.0,0,0.0,0.0
11/16/2018,2800.0,nan,nan,2800.0,0.0,0,0.0,0.0
11/19/2018,2800.0,nan,nan,2800.0,0.0,0,0.0,0.0
11/20/2018,2800.0,nan,nan,2800.0,0.0,0,0.0,0.0
11/21/2018,2800.0,nan,nan,2800.0,0.0,0,0.0,0.0
11/22/2018,2800.0,nan,nan,2800.0,0.0,0,0.0,0.0
11/23/2018,2800.0,nan,nan,2800.0,0.0,0,0.0,0.0
11/26/2018,2800.0,nan,nan,2800.0,0.0,0,0.0,0.0
11/27/2018,2800.0,nan,nan,2800.0,0.0,0,0.0,0.0
11/28/2018,2800.0,nan,nan,2800.0,0.0,0,0.0,0.0
11/29/2018,2800.0,nan,nan,2800.0,0.0,0,0.0,0.0
11/30/2018,2800.0,nan,nan,2800.0,0.0,0,0.0,0.0
12/03/2018,2800.0,nan,nan,2800.0,0.0,0,0.0,0.0
12/04/2018,2800.0,nan,nan,2800.0,0.0,0,0.0,0.0
12/05/2018,2800.0,nan,nan,2800.0,0.0,0,0.0,0.0
12/06/2018,2800.0,nan,nan,2800.0,0.0,0,0.0,0.0
12/07/2018,2800.0,nan,nan,2800.0,0.0,0,0.0,0.0
12/10/2018,2800.0,nan,nan,2800.0,0.0,0,0.0,0.0
12/11/2018,2800.0,nan,nan,2800.0,0.0,0,0.0,0.0
12/12/2018,2800.0,nan,nan,2800.0,0.0,0,0.0,0.0
12/13/2018,2800.0,nan,nan,2800.0,0.0,0,0.0,0.0
12/14/2018,2800.0,nan,nan,2800.0,0.0,0,0.0,0.0
12/17/2018,2800.0,nan,nan,2800.0,0.0,0,0.0,0.0
12/18/2018,2800.0,nan,nan,2800.0,0.0,0,0.0,0.0
12/19/2018,2800.0,nan,nan,2800.0,0.0,0,0.0,0.0
12/20/2018,2800.0,nan,nan,2800.0,0.0,0,0.0,0.0
12/21/2018,2800.0,nan,nan,2800.0,0.0,0,0.0,0.0
12/24/2018,2800.0,nan,nan,2800.0,0.0,0,0.0,0.0
12/25/2018,2800.0,nan,nan,2800.0,0.0,0,0.0,0.0
12/26/2018,2800.0,nan,nan,2800.0,0.0,0,0.0,0.0
12/27/2018,2800.0,nan,nan,2800.0,0.0,0,0.0,0.0
12/28/2018,2800.0,nan,nan,2800.0,0.0,0,0.0,0.0
01/02/2019,2800.0,nan,nan,2800.0,0.0,0,0.0,0.0
01/03/2019,2800.0,nan,nan,2800.0,0.0,0,0.0,0.0
01/04/2019,2800.0,nan,nan,2800.0,0.0,0,0.0,0.0
01/08/2019,2800.0,nan,nan,2800.0,0.0,0,0.0,0.0
01/09/2019,2800.0,nan,nan,2800.0,0.0,0,0.0,0.0
01/10/2019,2800.0,nan,nan,2800.0,0.0,0,0.0,0.0
01/11/2019,2800.0,nan,nan,2800.0,0.0,0,0.0,0.0
01/14/2019,2800.0,nan,nan,2800.0,0.0,0,0.0,0.0
01/15/2019,2800.0,nan,nan,2800.0,0.0,0,0.0,0.0
01/16/2019,2800.0,nan,nan,2800.0,0.0,0,0.0,0.0
01/17/2019,2800.0,nan,nan,2800.0,0.0,0,0.0,0.0
01/18/2019,2800.0,nan,nan,2800.0,0.0,0,0.0,0.0
01/21/2019,2800.0,nan,nan,2800.0,0.0,0,0.0,0.0
01/22/2019,2800.0,nan,nan,2800.0,0.0,0,0.0,0.0
01/23/2019,2800.0,nan,nan,2800.0,0.0,0,0.0,0.0
01/24/2019,2800.0,nan,nan,2800.0,0.0,0,0.0,0.0
01/25/2019,2800.0,nan,nan,2800.0,0.0,0,0.0,0.0
01/28/2019,2800.0,nan,nan,2800.0,0.0,0,0.0,0.0
01/29/2019,2800.0,nan,nan,2800.0,0.0,0,0.0,0.0
01/30/2019,2800.0,nan,nan,2800.0,0.0,0,0.0,0.0
01/31/2019,2800.0,nan,nan,2800.0,0.0,0,0.0,0.0
02/01/2019,2800.0,nan,nan,2800.0,0.0,0,0.0,0.0
02/04/2019,2800.0,nan,nan,2800.0,0.0,0,0.0,0.0
02/05/2019,2800.0,nan,nan,2800.0,0.0,0,0.0,0.0
02/06/2019,2800.0,nan,nan,2800.0,0.0,0,0.0,0.0
02/07/2019,2800.0,nan,nan,2800.0,0.0,0,0.0,0.0
02/08/2019,2800.0,nan,nan,2800.0,0.0,0,0.0,0.0
02/11/2019,2800.0,nan,nan,2800.0,0.0,0,0.0,0.0
02/12/2019,2800.0,nan,nan,2800.0,0.0,0,0.0,0.0
02/13/2019,2800.0,nan,nan,2800.0,0.0,0,0.0,0.0
02/14/2019,2800.0,nan,nan,2800.0,0.0,0,0.0,0.0
02/15/2019,2800.0,nan,nan,2800.0,0.0,0,0.0,0.0
02/18/2019,2800.0,nan,nan,2800.0,0.0,0,0.0,0.0
02/19/2019,2800.0,nan,nan,2800.0,0.0,0,0.0,0.0
02/20/2019,2800.0,nan,nan,2800.0,0.0,0,0.0,0.0
02/21/2019,2800.0,nan,nan,2800.0,0.0,0,0.0,0.0
02/22/2019,2800.0,nan,nan,2800.0,0.0,0,0.0,0.0
02/25/2019,2800.0,nan,nan,2800.0,0.0,0,0.0,0.0
02/26/2019,2800.0,nan,nan,2800.0,0.0,0,0.0,0.0
02/27/2019,2800.0,nan,nan,2800.0,0.0,0,0.0,0.0
02/28/2019,2800.0,nan,nan,2800.0,0.0,0,0.0,0.0
03/01/2019,2800.0,nan,nan,2800.0,0.0,0,0.0,0.0
03/04/2019,2800.0,nan,nan,2800.0,0.0,0,0.0,0.0
03/05/2019,2800.0,nan,nan,2800.0,0.0,0,0.0,0.0
03/06/2019,2800.0,nan,nan,2800.0,0.0,0,0.0,0.0
03/07/2019,2800.0,nan,nan,2800.0,0.0,0,0.0,0.0
03/08/2019,2800.0,nan,nan,2800.0,0.0,0,0.0,0.0
03/11/2019,2800.0,nan,nan,2800.0,0.0,0,0.0,0.0
03/12/2019,2800.0,nan,nan,2800.0,0.0,0,0.0,0.0
03/13/2019,2800.0,nan,nan,2800.0,0.0,0,0.0,0.0
03/14/2019,2800.0,nan,nan,2800.0,0.0,0,0.0,0.0
03/15/2019,2800.0,nan,nan,2800.0,0.0,0,0.0,0.0
03/18/2019,2800.0,nan,nan,2800.0,0.0,0,0.0,0.0
03/19/2019,2800.0,nan,nan,2800.0,0.0,0,0.0,0.0
03/20/2019,2800.0,nan,nan,2800.0,0.0,0,0.0,0.0
03/21/2019,2800.0,nan,nan,2800.0,0.0,0,0.0,0.0
03/22/2019,2800.0,nan,nan,2800.0,0.0,0,0.0,0.0
03/25/2019,2800.0,nan,nan,2800.0,0.0,0,0.0,0.0
03/26/2019,2800.0,nan,nan,2800.0,0.0,0,0.0,0.0
03/27/2019,2800.0,nan,nan,2800.0,0.0,0,0.0,0.0
03/28/2019,2800.0,nan,nan,2800.0,0.0,0,0.0,0.0
03/29/2019,2800.0,nan,nan,2800.0,0.0,0,0.0,0.0
04/01/2019,2800.0,nan,nan,2800.0,0.0,0,0.0,0.0
04/02/2019,2800.0,nan,nan,2800.0,0.0,0,0.0,0.0
04/03/2019,2800.0,nan,nan,2800.0,0.0,0,0.0,0.0
04/04/2019,2800.0,nan,nan,2800.0,0.0,0,0.0,0.0
04/05/2019,2800.0,nan,nan,2800.0,0.0,0,0.0,0.0
04/08/2019,2800.0,nan,nan,2800.0,0.0,0,0.0,0.0
04/09/2019,2800.0,nan,nan,2800.0,0.0,0,0.0,0.0
04/10/2019,2800.0,nan,nan,2800.0,0.0,0,0.0,0.0
04/11/2019,2800.0,nan,nan,2800.0,0.0,0,0.0,0.0
04/12/2019,2800.0,nan,nan,2800.0,0.0,0,0.0,0.0
04/15/2019,2800.0,nan,nan,2800.0,0.0,0,0.0,0.0
04/16/2019,2800.0,nan,nan,2800.0,0.0,0,0.0,0.0
04/17/2019,2800.0,nan,nan,2800.0,0.0,0,0.0,0.0
04/18/2019,2800.0,nan,nan,2800.0,0.0,0,0.0,0.0
04/19/2019,2800.0,nan,nan,2800.0,0.0,0,0.0,0.0
04/22/2019,2800.0,nan,nan,2800.0,0.0,0,0.0,0.0
04/23/2019,2800.0,nan,nan,2800.0,0.0,0,0.0,0.0
04/24/2019,2800.0,nan,nan,2800.0,0.0,0,0.0,0.0
04/25/2019,2800.0,nan,nan,2800.0,0.0,0,0.0,0.0
04/30/2019,2800.0,nan,nan,2800.0,0.0,0,0.0,0.0
05/02/2019,2800.0,nan,nan,2800.0,0.0,0,0.0,0.0
05/03/2019,2800.0,nan,nan,2800.0,0.0,0,0.0,0.0
05/06/2019,2800.0,nan,nan,2800.0,0.0,0,0.0,0.0
05/07/2019,2800.0,nan,nan,2800.0,0.0,0,0.0,0.0
05/08/2019,2800.0,nan,nan,2800.0,0.0,0,0.0,0.0
05/09/2019,2800.0,nan,nan,2800.0,0.0,0,0.0,0.0
05/10/2019,2800.0,nan,nan,2800.0,0.0,0,0.0,0.0
05/13/2019,2800.0,nan,nan,2800.0,0.0,0,0.0,0.0
05/14/2019,2800.0,nan,nan,2800.0,0.0,0,0.0,0.0
05/15/2019,615.0,615.0,615.0,615.0,-78.04,80,49200.0,49200.0
05/16/2019,615.0,615.0,615.0,615.0,0.0,120,73800.0,73800.0
05/17/2019,615.0,nan,nan,615.0,0.0,0,0.0,0.0
05/20/2019,615.0,nan,nan,615.0,0.0,0,0.0,0.0
05/21/2019,500.0,500.0,500.0,500.0,-18.7,35,17500.0,17500.0
05/22/2019,500.0,nan,nan,500.0,0.0,0,0.0,0.0
05/23/2019,500.0,nan,nan,500.0,0.0,0,0.0,0.0
05/27/2019,500.0,nan,nan,500.0,0.0,0,0.0,0.0
05/28/2019,500.0,nan,nan,500.0,0.0,0,0.0,0.0
05/29/2019,500.0,nan,nan,500.0,0.0,0,0.0,0.0
05/30/2019,500.0,nan,nan,500.0,0.0,0,0.0,0.0
05/31/2019,500.0,nan,nan,500.0,0.0,0,0.0,0.0
06/03/2019,500.0,nan,nan,500.0,0.0,0,0.0,0.0
06/05/2019,500.0,nan,nan,500.0,0.0,0,0.0,0.0
06/06/2019,500.0,nan,nan,500.0,0.0,0,0.0,0.0
06/07/2019,500.0,nan,nan,500.0,0.0,0,0.0,0.0
06/10/2019,500.0,nan,nan,500.0,0.0,0,0.0,0.0
06/11/2019,500.0,nan,nan,500.0,0.0,0,0.0,0.0
06/12/2019,500.0,nan,nan,500.0,0.0,0,0.0,0.0
06/13/2019,500.0,nan,nan,500.0,0.0,0,0.0,0.0
06/17/2019,500.0,nan,nan,500.0,0.0,0,0.0,0.0
06/18/2019,500.0,nan,nan,500.0,0.0,0,0.0,0.0
06/19/2019,500.0,nan,nan,500.0,0.0,0,0.0,0.0
06/20/2019,500.0,nan,nan,500.0,0.0,0,0.0,0.0
06/21/2019,500.0,nan,nan,500.0,0.0,0,0.0,0.0
06/24/2019,500.0,nan,nan,500.0,0.0,0,0.0,0.0
06/25/2019,500.0,nan,nan,500.0,0.0,0,0.0,0.0
06/26/2019,500.0,nan,nan,500.0,0.0,0,0.0,0.0
06/27/2019,500.0,nan,nan,500.0,0.0,0,0.0,0.0
06/28/2019,500.0,nan,nan,500.0,0.0,0,0.0,0.0
07/01/2019,500.0,nan,nan,500.0,0.0,0,0.0,0.0
07/02/2019,500.0,nan,nan,500.0,0.0,0,0.0,0.0
07/03/2019,500.0,nan,nan,500.0,0.0,0,0.0,0.0
07/04/2019,500.0,nan,nan,500.0,0.0,0,0.0,0.0
07/05/2019,500.0,nan,nan,500.0,0.0,0,0.0,0.0
07/08/2019,500.0,nan,nan,500.0,0.0,0,0.0,0.0
07/09/2019,500.0,nan,nan,500.0,0.0,0,0.0,0.0
07/10/2019,500.0,nan,nan,500.0,0.0,0,0.0,0.0
07/11/2019,500.0,nan,nan,500.0,0.0,0,0.0,0.0
07/12/2019,500.0,nan,nan,500.0,0.0,0,0.0,0.0
07/15/2019,500.0,nan,nan,500.0,0.0,0,0.0,0.0
07/16/2019,500.0,nan,nan,500.0,0.0,0,0.0,0.0
07/17/2019,500.0,nan,nan,500.0,0.0,0,0.0,0.0
07/18/2019,500.0,nan,nan,500.0,0.0,0,0.0,0.0
07/19/2019,500.0,nan,nan,500.0,0.0,0,0.0,0.0
07/22/2019,500.0,nan,nan,500.0,0.0,0,0.0,0.0
07/23/2019,500.0,nan,nan,500.0,0.0,0,0.0,0.0
07/24/2019,500.0,nan,nan,500.0,0.0,0,0.0,0.0
07/25/2019,500.0,nan,nan,500.0,0.0,0,0.0,0.0
07/26/2019,500.0,nan,nan,500.0,0.0,0,0.0,0.0
07/29/2019,500.0,nan,nan,500.0,0.0,0,0.0,0.0
07/30/2019,500.0,nan,nan,500.0,0.0,0,0.0,0.0
07/31/2019,500.0,nan,nan,500.0,0.0,0,0.0,0.0
08/01/2019,500.0,nan,nan,500.0,0.0,0,0.0,0.0
08/05/2019,500.0,nan,nan,500.0,0.0,0,0.0,0.0
08/06/2019,500.0,nan,nan,500.0,0.0,0,0.0,0.0
08/07/2019,500.0,nan,nan,500.0,0.0,0,0.0,0.0
08/08/2019,500.0,nan,nan,500.0,0.0,0,0.0,0.0
08/09/2019,500.0,nan,nan,500.0,0.0,0,0.0,0.0
08/12/2019,500.0,nan,nan,500.0,0.0,0,0.0,0.0
08/13/2019,500.0,nan,nan,500.0,0.0,0,0.0,0.0
08/14/2019,500.0,nan,nan,500.0,0.0,0,0.0,0.0
08/15/2019,500.0,nan,nan,500.0,0.0,0,0.0,0.0
08/16/2019,500.0,nan,nan,500.0,0.0,0,0.0,0.0
08/19/2019,300.0,300.0,300.0,300.0,-40.0,30,9000.0,9000.0
08/20/2019,300.0,nan,nan,300.0,0.0,0,0.0,0.0
08/21/2019,300.0,nan,nan,300.0,0.0,0,0.0,0.0
08/22/2019,300.0,nan,nan,300.0,0.0,0,0.0,0.0
08/23/2019,300.0,nan,nan,300.0,0.0,0,0.0,0.0
08/26/2019,300.0,nan,nan,300.0,0.0,0,0.0,0.0
08/27/2019,300.0,nan,nan,300.0,0.0,0,0.0,0.0
08/29/2019,300.0,nan,nan,300.0,0.0,0,0.0,0.0
08/30/2019,300.0,nan,nan,300.0,0.0,0,0.0,0.0
09/02/2019,300.0,nan,nan,300.0,0.0,0,0.0,0.0
09/03/2019,300.0,nan,nan,300.0,0.0,0,0.0,0.0
09/04/2019,300.0,nan,nan,300.0,0.0,0,0.0,0.0
09/05/2019,300.0,nan,nan,300.0,0.0,0,0.0,0.0
09/06/2019,300.0,nan,nan,300.0,0.0,0,0.0,0.0
09/10/2019,300.0,nan,nan,300.0,0.0,0,0.0,0.0
09/11/2019,300.0,nan,nan,300.0,0.0,0,0.0,0.0
09/12/2019,300.0,nan,nan,300.0,0.0,0,0.0,0.0
09/13/2019,300.0,nan,nan,300.0,0.0,0,0.0,0.0
09/16/2019,300.0,nan,nan,300.0,0.0,0,0.0,0.0
09/17/2019,300.0,nan,nan,300.0,0.0,0,0.0,0.0
09/18/2019,300.0,nan,nan,300.0,0.0,0,0.0,0.0
09/19/2019,300.0,nan,nan,300.0,0.0,0,0.0,0.0
09/20/2019,300.0,nan,nan,300.0,0.0,0,0.0,0.0
09/23/2019,300.0,nan,nan,300.0,0.0,0,0.0,0.0
09/24/2019,300.0,nan,nan,300.0,0.0,0,0.0,0.0
09/25/2019,300.0,nan,nan,300.0,0.0,0,0.0,0.0
09/26/2019,300.0,nan,nan,300.0,0.0,0,0.0,0.0
09/27/2019,300.0,nan,nan,300.0,0.0,0,0.0,0.0
09/30/2019,300.0,nan,nan,300.0,0.0,0,0.0,0.0
10/01/2019,300.0,nan,nan,300.0,0.0,0,0.0,0.0
10/02/2019,300.0,nan,nan,300.0,0.0,0,0.0,0.0
10/03/2019,300.0,nan,nan,300.0,0.0,0,0.0,0.0
10/04/2019,300.0,nan,nan,300.0,0.0,0,0.0,0.0
10/07/2019,300.0,nan,nan,300.0,0.0,0,0.0,0.0
10/08/2019,300.0,nan,nan,300.0,0.0,0,0.0,0.0
10/09/2019,300.0,nan,nan,300.0,0.0,0,0.0,0.0
10/10/2019,300.0,nan,nan,300.0,0.0,0,0.0,0.0
10/14/2019,300.0,nan,nan,300.0,0.0,0,0.0,0.0
10/15/2019,300.0,nan,nan,300.0,0.0,0,0.0,0.0
10/16/2019,300.0,nan,nan,300.0,0.0,0,0.0,0.0
10/17/2019,300.0,nan,nan,300.0,0.0,0,0.0,0.0
10/18/2019,300.0,nan,nan,300.0,0.0,0,0.0,0.0
10/21/2019,300.0,nan,nan,300.0,0.0,0,0.0,0.0
10/22/2019,300.0,nan,nan,300.0,0.0,0,0.0,0.0
10/24/2019,300.0,nan,nan,300.0,0.0,0,0.0,0.0
10/25/2019,300.0,nan,nan,300.0,0.0,0,0.0,0.0
10/28/2019,300.0,nan,nan,300.0,0.0,0,0.0,0.0
10/29/2019,300.0,nan,nan,300.0,0.0,0,0.0,0.0
10/30/2019,300.0,nan,nan,300.0,0.0,0,0.0,0.0
10/31/2019,300.0,nan,nan,300.0,0.0,0,0.0,0.0
11/01/2019,300.0,nan,nan,300.0,0.0,0,0.0,0.0
11/04/2019,300.0,nan,nan,300.0,0.0,0,0.0,0.0
11/05/2019,300.0,nan,nan,300.0,0.0,0,0.0,0.0
11/06/2019,300.0,nan,nan,300.0,0.0,0,0.0,0.0
11/07/2019,300.0,nan,nan,300.0,0.0,0,0.0,0.0
11/08/2019,300.0,nan,nan,300.0,0.0,0,0.0,0.0
11/11/2019,300.0,nan,nan,300.0,0.0,0,0.0,0.0
11/12/2019,300.0,nan,nan,300.0,0.0,0,0.0,0.0
11/13/2019,300.0,nan,nan,300.0,0.0,0,0.0,0.0
11/14/2019,300.0,nan,nan,300.0,0.0,0,0.0,0.0
11/15/2019,300.0,nan,nan,300.0,0.0,0,0.0,0.0
11/18/2019,300.0,nan,nan,300.0,0.0,0,0.0,0.0
11/19/2019,300.0,nan,nan,300.0,0.0,0,0.0,0.0
11/20/2019,300.0,nan,nan,300.0,0.0,0,0.0,0.0
11/21/2019,300.0,nan,nan,300.0,0.0,0,0.0,0.0
11/22/2019,300.0,nan,nan,300.0,0.0,0,0.0,0.0
11/25/2019,300.0,nan,nan,300.0,0.0,0,0.0,0.0
11/26/2019,300.0,nan,nan,300.0,0.0,0,0.0,0.0
11/27/2019,300.0,nan,nan,300.0,0.0,0,0.0,0.0
11/28/2019,300.0,nan,nan,300.0,0.0,0,0.0,0.0
11/29/2019,300.0,nan,nan,300.0,0.0,0,0.0,0.0
12/02/2019,300.0,nan,nan,300.0,0.0,0,0.0,0.0
12/03/2019,300.0,nan,nan,300.0,0.0,0,0.0,0.0
12/04/2019,300.0,nan,nan,300.0,0.0,0,0.0,0.0
12/05/2019,300.0,nan,nan,300.0,0.0,0,0.0,0.0
12/06/2019,300.0,nan,nan,300.0,0.0,0,0.0,0.0
12/10/2019,300.0,nan,nan,300.0,0.0,0,0.0,0.0
12/11/2019,300.0,nan,nan,300.0,0.0,0,0.0,0.0
12/12/2019,300.0,nan,nan,300.0,0.0,0,0.0,0.0
12/13/2019,300.0,nan,nan,300.0,0.0,0,0.0,0.0
12/16/2019,300.0,nan,nan,300.0,0.0,0,0.0,0.0
12/17/2019,300.0,nan,nan,300.0,0.0,0,0.0,0.0
12/18/2019,300.0,nan,nan,300.0,0.0,0,0.0,0.0
12/19/2019,300.0,nan,nan,300.0,0.0,0,0.0,0.0
12/20/2019,300.0,nan,nan,300.0,0.0,0,0.0,0.0
12/23/2019,300.0,nan,nan,300.0,0.0,0,0.0,0.0
12/24/2019,300.0,nan,nan,300.0,0.0,0,0.0,0.0
12/25/2019,300.0,nan,nan,300.0,0.0,0,0.0,0.0
12/26/2019,300.0,nan,nan,300.0,0.0,0,0.0,0.0
12/27/2019,300.0,nan,nan,300.0,0.0,0,0.0,0.0
12/30/2019,300.0,nan,nan,300.0,0.0,0,0.0,0.0
01/02/2020,300.0,nan,nan,300.0,0.0,0,0.0,0.0
01/03/2020,300.0,nan,nan,300.0,0.0,0,0.0,0.0
01/08/2020,300.0,nan,nan,300.0,0.0,0,0.0,0.0
01/09/2020,300.0,nan,nan,300.0,0.0,0,0.0,0.0
01/10/2020,300.0,nan,nan,300.0,0.0,0,0.0,0.0
01/13/2020,300.0,nan,nan,300.0,0.0,0,0.0,0.0
01/14/2020,300.0,nan,nan,300.0,0.0,0,0.0,0.0
01/15/2020,300.0,nan,nan,300.0,0.0,0,0.0,0.0
01/16/2020,300.0,nan,nan,300.0,0.0,0,0.0,0.0
01/17/2020,300.0,nan,nan,300.0,0.0,0,0.0,0.0
01/20/2020,300.0,nan,nan,300.0,0.0,0,0.0,0.0
01/21/2020,300.0,nan,nan,300.0,0.0,0,0.0,0.0
01/22/2020,300.0,nan,nan,300.0,0.0,0,0.0,0.0
01/23/2020,300.0,nan,nan,300.0,0.0,0,0.0,0.0
01/24/2020,300.0,nan,nan,300.0,0.0,0,0.0,0.0
01/27/2020,300.0,nan,nan,300.0,0.0,0,0.0,0.0
01/28/2020,300.0,nan,nan,300.0,0.0,0,0.0,0.0
01/29/2020,300.0,nan,nan,300.0,0.0,0,0.0,0.0
01/30/2020,300.0,nan,nan,300.0,0.0,0,0.0,0.0
01/31/2020,300.0,nan,nan,300.0,0.0,0,0.0,0.0
02/03/2020,300.0,nan,nan,300.0,0.0,0,0.0,0.0
02/04/2020,300.0,nan,nan,300.0,0.0,0,0.0,0.0
02/05/2020,300.0,nan,nan,300.0,0.0,0,0.0,0.0
02/06/2020,300.0,nan,nan,300.0,0.0,0,0.0,0.0
02/07/2020,300.0,nan,nan,300.0,0.0,0,0.0,0.0
02/10/2020,300.0,nan,nan,300.0,0.0,0,0.0,0.0
02/11/2020,300.0,nan,nan,300.0,0.0,0,0.0,0.0
02/12/2020,300.0,nan,nan,300.0,0.0,0,0.0,0.0
02/13/2020,300.0,nan,nan,300.0,0.0,0,0.0,0.0
02/14/2020,300.0,nan,nan,300.0,0.0,0,0.0,0.0
02/17/2020,300.0,nan,nan,300.0,0.0,0,0.0,0.0
02/18/2020,300.0,nan,nan,300.0,0.0,0,0.0,0.0
02/19/2020,300.0,nan,nan,300.0,0.0,0,0.0,0.0
02/20/2020,300.0,nan,nan,300.0,0.0,0,0.0,0.0
02/21/2020,300.0,nan,nan,300.0,0.0,0,0.0,0.0
02/24/2020,300.0,nan,nan,300.0,0.0,0,0.0,0.0
02/25/2020,300.0,nan,nan,300.0,0.0,0,0.0,0.0
02/26/2020,300.0,nan,nan,300.0,0.0,0,0.0,0.0
02/27/2020,300.0,nan,nan,300.0,0.0,0,0.0,0.0
02/28/2020,300.0,nan,nan,300.0,0.0,0,0.0,0.0
03/02/2020,300.0,nan,nan,300.0,0.0,0,0.0,0.0
03/03/2020,300.0,nan,nan,300.0,0.0,0,0.0,0.0
03/04/2020,300.0,nan,nan,300.0,0.0,0,0.0,0.0
03/05/2020,300.0,nan,nan,300.0,0.0,0,0.0,0.0
03/06/2020,300.0,nan,nan,300.0,0.0,0,0.0,0.0
03/09/2020,300.0,nan,nan,300.0,0.0,0,0.0,0.0
03/10/2020,300.0,nan,nan,300.0,0.0,0,0.0,0.0
03/11/2020,300.0,nan,nan,300.0,0.0,0,0.0,0.0
03/12/2020,300.0,nan,nan,300.0,0.0,0,0.0,0.0
03/13/2020,300.0,nan,nan,300.0,0.0,0,0.0,0.0
03/16/2020,300.0,nan,nan,300.0,0.0,0,0.0,0.0
03/17/2020,300.0,nan,nan,300.0,0.0,0,0.0,0.0
03/18/2020,300.0,nan,nan,300.0,0.0,0,0.0,0.0
03/19/2020,300.0,nan,nan,300.0,0.0,0,0.0,0.0
03/20/2020,300.0,nan,nan,300.0,0.0,0,0.0,0.0
03/23/2020,300.0,nan,nan,300.0,0.0,0,0.0,0.0
03/24/2020,300.0,nan,nan,300.0,0.0,0,0.0,0.0
03/25/2020,300.0,nan,nan,300.0,0.0,0,0.0,0.0
03/26/2020,300.0,nan,nan,300.0,0.0,0,0.0,0.0
03/27/2020,300.0,nan,nan,300.0,0.0,0,0.0,0.0
03/30/2020,300.0,nan,nan,300.0,0.0,0,0.0,0.0
03/31/2020,300.0,nan,nan,300.0,0.0,0,0.0,0.0
04/01/2020,300.0,nan,nan,300.0,0.0,0,0.0,0.0
04/02/2020,300.0,nan,nan,300.0,0.0,0,0.0,0.0
04/03/2020,300.0,nan,nan,300.0,0.0,0,0.0,0.0
04/06/2020,300.0,nan,nan,300.0,0.0,0,0.0,0.0
04/07/2020,300.0,nan,nan,300.0,0.0,0,0.0,0.0
04/08/2020,300.0,nan,nan,300.0,0.0,0,0.0,0.0
04/09/2020,300.0,nan,nan,300.0,0.0,0,0.0,0.0
04/10/2020,300.0,nan,nan,300.0,0.0,0,0.0,0.0
04/13/2020,300.0,nan,nan,300.0,0.0,0,0.0,0.0
04/14/2020,300.0,nan,nan,300.0,0.0,0,0.0,0.0
04/15/2020,300.0,nan,nan,300.0,0.0,0,0.0,0.0
04/16/2020,300.0,nan,nan,300.0,0.0,0,0.0,0.0
04/21/2020,300.0,nan,nan,300.0,0.0,0,0.0,0.0
04/22/2020,300.0,nan,nan,300.0,0.0,0,0.0,0.0
04/23/2020,300.0,nan,nan,300.0,0.0,0,0.0,0.0
04/24/2020,300.0,nan,nan,300.0,0.0,0,0.0,0.0
04/27/2020,300.0,nan,nan,300.0,0.0,0,0.0,0.0
04/28/2020,300.0,nan,nan,300.0,0.0,0,0.0,0.0
04/29/2020,300.0,nan,nan,300.0,0.0,0,0.0,0.0
04/30/2020,300.0,nan,nan,300.0,0.0,0,0.0,0.0
05/04/2020,300.0,nan,nan,300.0,0.0,0,0.0,0.0
05/05/2020,300.0,nan,nan,300.0,0.0,0,0.0,0.0
05/06/2020,300.0,nan,nan,300.0,0.0,0,0.0,0.0
05/07/2020,300.0,nan,nan,300.0,0.0,0,0.0,0.0
05/08/2020,300.0,nan,nan,300.0,0.0,0,0.0,0.0
05/11/2020,300.0,nan,nan,300.0,0.0,0,0.0,0.0
05/12/2020,300.0,nan,nan,300.0,0.0,0,0.0,0.0
05/13/2020,300.0,nan,nan,300.0,0.0,0,0.0,0.0
05/14/2020,300.0,nan,nan,300.0,0.0,0,0.0,0.0
05/15/2020,300.0,nan,nan,300.0,0.0,0,0.0,0.0
05/18/2020,300.0,nan,nan,300.0,0.0,0,0.0,0.0
05/19/2020,300.0,nan,nan,300.0,0.0,0,0.0,0.0
05/20/2020,300.0,nan,nan,300.0,0.0,0,0.0,0.0
05/21/2020,300.0,nan,nan,300.0,0.0,0,0.0,0.0
05/22/2020,300.0,nan,nan,300.0,0.0,0,0.0,0.0
05/26/2020,300.0,nan,nan,300.0,0.0,0,0.0,0.0
05/27/2020,300.0,nan,nan,300.0,0.0,0,0.0,0.0
05/28/2020,300.0,nan,nan,300.0,0.0,0,0.0,0.0
05/29/2020,300.0,nan,nan,300.0,0.0,0,0.0,0.0
06/01/2020,300.0,nan,nan,300.0,0.0,0,0.0,0.0
06/02/2020,300.0,nan,nan,300.0,0.0,0,0.0,0.0
06/03/2020,300.0,nan,nan,300.0,0.0,0,0.0,0.0
06/04/2020,300.0,nan,nan,300.0,0.0,0,0.0,0.0
06/08/2020,300.0,nan,nan,300.0,0.0,0,0.0,0.0
06/09/2020,300.0,nan,nan,300.0,0.0,0,0.0,0.0
06/10/2020,300.0,nan,nan,300.0,0.0,0,0.0,0.0
06/11/2020,300.0,nan,nan,300.0,0.0,0,0.0,0.0
06/12/2020,300.0,nan,nan,300.0,0.0,0,0.0,0.0
06/15/2020,300.0,nan,nan,300.0,0.0,0,0.0,0.0
06/16/2020,300.0,nan,nan,300.0,0.0,0,0.0,0.0
06/17/2020,300.0,nan,nan,300.0,0.0,0,0.0,0.0
06/18/2020,300.0,nan,nan,300.0,0.0,0,0.0,0.0
06/19/2020,300.0,nan,nan,300.0,0.0,0,0.0,0.0
06/22/2020,300.0,nan,nan,300.0,0.0,0,0.0,0.0
06/23/2020,300.0,nan,nan,300.0,0.0,0,0.0,0.0
06/24/2020,300.0,nan,nan,300.0,0.0,0,0.0,0.0
06/25/2020,300.0,nan,nan,300.0,0.0,0,0.0,0.0
06/26/2020,300.0,nan,nan,300.0,0.0,0,0.0,0.0
06/29/2020,300.0,nan,nan,300.0,0.0,0,0.0,0.0
06/30/2020,300.0,nan,nan,300.0,0.0,0,0.0,0.0
07/01/2020,300.0,nan,nan,300.0,0.0,0,0.0,0.0
07/02/2020,300.0,nan,nan,300.0,0.0,0,0.0,0.0
07/03/2020,300.0,nan,nan,300.0,0.0,0,0.0,0.0
07/06/2020,300.0,nan,nan,300.0,0.0,0,0.0,0.0
07/07/2020,300.0,nan,nan,300.0,0.0,0,0.0,0.0
07/08/2020,300.0,nan,nan,300.0,0.0,0,0.0,0.0
07/09/2020,300.0,nan,nan,300.0,0.0,0,0.0,0.0
07/10/2020,300.0,nan,nan,300.0,0.0,0,0.0,0.0
07/13/2020,300.0,nan,nan,300.0,0.0,0,0.0,0.0
07/14/2020,300.0,nan,nan,300.0,0.0,0,0.0,0.0
07/16/2020,300.0,nan,nan,300.0,0.0,0,0.0,0.0
07/17/2020,300.0,nan,nan,300.0,0.0,0,0.0,0.0
07/20/2020,300.0,nan,nan,300.0,0.0,0,0.0,0.0
07/21/2020,300.0,nan,nan,300.0,0.0,0,0.0,0.0
07/22/2020,300.0,nan,nan,300.0,0.0,0,0.0,0.0
07/23/2020,300.0,nan,nan,300.0,0.0,0,0.0,0.0
07/24/2020,300.0,nan,nan,300.0,0.0,0,0.0,0.0
07/27/2020,300.0,nan,nan,300.0,0.0,0,0.0,0.0
07/28/2020,300.0,nan,nan,300.0,0.0,0,0.0,0.0
07/29/2020,300.0,nan,nan,300.0,0.0,0,0.0,0.0
07/30/2020,300.0,nan,nan,300.0,0.0,0,0.0,0.0
07/31/2020,300.0,nan,nan,300.0,0.0,0,0.0,0.0
08/04/2020,300.0,nan,nan,300.0,0.0,0,0.0,0.0
08/05/2020,300.0,nan,nan,300.0,0.0,0,0.0,0.0
08/06/2020,300.0,nan,nan,300.0,0.0,0,0.0,0.0
08/07/2020,300.0,nan,nan,300.0,0.0,0,0.0,0.0
08/10/2020,300.0,nan,nan,300.0,0.0,0,0.0,0.0
08/11/2020,300.0,nan,nan,300.0,0.0,0,0.0,0.0
08/12/2020,300.0,nan,nan,300.0,0.0,0,0.0,0.0
08/13/2020,300.0,nan,nan,300.0,0.0,0,0.0,0.0
08/14/2020,300.0,nan,nan,300.0,0.0,0,0.0,0.0
08/17/2020,300.0,nan,nan,300.0,0.0,0,0.0,0.0
08/18/2020,300.0,nan,nan,300.0,0.0,0,0.0,0.0
08/19/2020,300.0,nan,nan,300.0,0.0,0,0.0,0.0
08/20/2020,300.0,nan,nan,300.0,0.0,0,0.0,0.0
08/21/2020,300.0,nan,nan,300.0,0.0,0,0.0,0.0
08/24/2020,300.0,nan,nan,300.0,0.0,0,0.0,0.0
08/25/2020,300.0,nan,nan,300.0,0.0,0,0.0,0.0
08/26/2020,300.0,nan,nan,300.0,0.0,0,0.0,0.0
08/27/2020,300.0,nan,nan,300.0,0.0,0,0.0,0.0
08/31/2020,300.0,nan,nan,300.0,0.0,0,0.0,0.0
09/01/2020,300.0,nan,nan,300.0,0.0,0,0.0,0.0
09/02/2020,300.0,nan,nan,300.0,0.0,0,0.0,0.0
09/03/2020,300.0,nan,nan,300.0,0.0,0,0.0,0.0
09/04/2020,300.0,nan,nan,300.0,0.0,0,0.0,0.0
09/07/2020,300.0,nan,nan,300.0,0.0,0,0.0,0.0
09/09/2020,300.0,nan,nan,300.0,0.0,0,0.0,0.0
09/10/2020,300.0,nan,nan,300.0,0.0,0,0.0,0.0
09/11/2020,300.0,nan,nan,300.0,0.0,0,0.0,0.0
09/14/2020,300.0,nan,nan,300.0,0.0,0,0.0,0.0
09/15/2020,300.0,nan,nan,300.0,0.0,0,0.0,0.0
09/16/2020,300.0,nan,nan,300.0,0.0,0,0.0,0.0
09/17/2020,300.0,nan,nan,300.0,0.0,0,0.0,0.0
09/18/2020,300.0,nan,nan,300.0,0.0,0,0.0,0.0
09/21/2020,300.0,nan,nan,300.0,0.0,0,0.0,0.0
09/22/2020,300.0,nan,nan,300.0,0.0,0,0.0,0.0
09/23/2020,300.0,nan,nan,300.0,0.0,0,0.0,0.0
09/24/2020,300.0,nan,nan,300.0,0.0,0,0.0,0.0
09/25/2020,300.0,nan,nan,300.0,0.0,0,0.0,0.0
09/28/2020,300.0,nan,nan,300.0,0.0,0,0.0,0.0
09/29/2020,300.0,nan,nan,300.0,0.0,0,0.0,0.0
09/30/2020,300.0,nan,nan,300.0,0.0,0,0.0,0.0
10/01/2020,300.0,nan,nan,300.0,0.0,0,0.0,0.0
10/02/2020,300.0,nan,nan,300.0,0.0,0,0.0,0.0
10/05/2020,300.0,nan,nan,300.0,0.0,0,0.0,0.0
10/06/2020,300.0,nan,nan,300.0,0.0,0,0.0,0.0
10/07/2020,300.0,nan,nan,300.0,0.0,0,0.0,0.0
10/08/2020,300.0,nan,nan,300.0,0.0,0,0.0,0.0
10/09/2020,300.0,nan,nan,300.0,0.0,0,0.0,0.0
10/13/2020,300.0,nan,nan,300.0,0.0,0,0.0,0.0
10/14/2020,300.0,nan,nan,300.0,0.0,0,0.0,0.0
10/15/2020,300.0,nan,nan,300.0,0.0,0,0.0,0.0
10/16/2020,300.0,nan,nan,300.0,0.0,0,0.0,0.0
10/19/2020,300.0,nan,nan,300.0,0.0,0,0.0,0.0
10/20/2020,300.0,nan,nan,300.0,0.0,0,0.0,0.0
10/21/2020,300.0,nan,nan,300.0,0.0,0,0.0,0.0
10/22/2020,300.0,nan,nan,300.0,0.0,0,0.0,0.0
10/26/2020,300.0,nan,nan,300.0,0.0,0,0.0,0.0
10/27/2020,300.0,nan,nan,300.0,0.0,0,0.0,0.0
10/28/2020,300.0,nan,nan,300.0,0.0,0,0.0,0.0
10/29/2020,300.0,nan,nan,300.0,0.0,0,0.0,0.0
10/30/2020,300.0,nan,nan,300.0,0.0,0,0.0,0.0
11/02/2020,300.0,nan,nan,300.0,0.0,0,0.0,0.0
11/03/2020,300.0,nan,nan,300.0,0.0,0,0.0,0.0
11/04/2020,300.0,nan,nan,300.0,0.0,0,0.0,0.0
11/05/2020,300.0,nan,nan,300.0,0.0,0,0.0,0.0
11/06/2020,300.0,nan,nan,300.0,0.0,0,0.0,0.0
11/09/2020,300.0,nan,nan,300.0,0.0,0,0.0,0.0
11/10/2020,300.0,nan,nan,300.0,0.0,0,0.0,0.0
11/11/2020,300.0,nan,nan,300.0,0.0,0,0.0,0.0
11/12/2020,300.0,nan,nan,300.0,0.0,0,0.0,0.0
11/13/2020,300.0,nan,nan,300.0,0.0,0,0.0,0.0
11/16/2020,300.0,nan,nan,300.0,0.0,0,0.0,0.0
11/17/2020,300.0,nan,nan,300.0,0.0,0,0.0,0.0
11/18/2020,300.0,nan,nan,300.0,0.0,0,0.0,0.0
11/19/2020,300.0,nan,nan,300.0,0.0,0,0.0,0.0
11/20/2020,300.0,nan,nan,300.0,0.0,0,0.0,0.0
11/23/2020,300.0,nan,nan,300.0,0.0,0,0.0,0.0
11/24/2020,300.0,nan,nan,300.0,0.0,0,0.0,0.0
11/25/2020,300.0,nan,nan,300.0,0.0,0,0.0,0.0
11/26/2020,300.0,nan,nan,300.0,0.0,0,0.0,0.0
11/27/2020,300.0,nan,nan,300.0,0.0,0,0.0,0.0
11/30/2020,300.0,nan,nan,300.0,0.0,0,0.0,0.0
12/01/2020,300.0,nan,nan,300.0,0.0,0,0.0,0.0
12/02/2020,300.0,nan,nan,300.0,0.0,0,0.0,0.0
12/03/2020,300.0,nan,nan,300.0,0.0,0,0.0,0.0
12/04/2020,300.0,nan,nan,300.0,0.0,0,0.0,0.0
12/07/2020,300.0,nan,nan,300.0,0.0,0,0.0,0.0
12/09/2020,300.0,nan,nan,300.0,0.0,0,0.0,0.0
12/10/2020,300.0,nan,nan,300.0,0.0,0,0.0,0.0
12/11/2020,300.0,nan,nan,300.0,0.0,0,0.0,0.0
12/14/2020,300.0,nan,nan,300.0,0.0,0,0.0,0.0
12/15/2020,300.0,nan,nan,300.0,0.0,0,0.0,0.0
12/16/2020,300.0,nan,nan,300.0,0.0,0,0.0,0.0
12/17/2020,300.0,nan,nan,300.0,0.0,0,0.0,0.0
12/18/2020,300.0,nan,nan,300.0,0.0,0,0.0,0.0
12/21/2020,300.0,nan,nan,300.0,0.0,0,0.0,0.0
12/22/2020,300.0,nan,nan,300.0,0.0,0,0.0,0.0
12/23/2020,300.0,nan,nan,300.0,0.0,0,0.0,0.0
12/24/2020,300.0,nan,nan,300.0,0.0,0,0.0,0.0
12/25/2020,300.0,nan,nan,300.0,0.0,0,0.0,0.0
12/28/2020,300.0,nan,nan,300.0,0.0,0,0.0,0.0
12/29/2020,300.0,nan,nan,300.0,0.0,0,0.0,0.0
12/30/2020,300.0,nan,nan,300.0,0.0,0,0.0,0.0
01/04/2021,300.0,nan,nan,300.0,0.0,0,0.0,0.0
01/05/2021,300.0,nan,nan,300.0,0.0,0,0.0,0.0
01/08/2021,300.0,nan,nan,300.0,0.0,0,0.0,0.0
01/11/2021,300.0,nan,nan,300.0,0.0,0,0.0,0.0
01/12/2021,300.0,nan,nan,300.0,0.0,0,0.0,0.0
01/13/2021,300.0,nan,nan,300.0,0.0,0,0.0,0.0
01/14/2021,300.0,nan,nan,300.0,0.0,0,0.0,0.0
01/15/2021,300.0,nan,nan,300.0,0.0,0,0.0,0.0
01/18/2021,300.0,nan,nan,300.0,0.0,0,0.0,0.0
01/20/2021,300.0,nan,nan,300.0,0.0,0,0.0,0.0
01/21/2021,300.0,nan,nan,300.0,0.0,0,0.0,0.0
01/22/2021,300.0,nan,nan,300.0,0.0,0,0.0,0.0
01/25/2021,300.0,nan,nan,300.0,0.0,0,0.0,0.0
01/26/2021,300.0,nan,nan,300.0,0.0,0,0.0,0.0
01/27/2021,300.0,nan,nan,300.0,0.0,0,0.0,0.0
01/28/2021,300.0,nan,nan,300.0,0.0,0,0.0,0.0
01/29/2021,300.0,nan,nan,300.0,0.0,0,0.0,0.0
02/01/2021,300.0,nan,nan,300.0,0.0,0,0.0,0.0
02/02/2021,300.0,nan,nan,300.0,0.0,0,0.0,0.0
02/03/2021,300.0,nan,nan,300.0,0.0,0,0.0,0.0
02/04/2021,300.0,nan,nan,300.0,0.0,0,0.0,0.0
02/05/2021,300.0,nan,nan,300.0,0.0,0,0.0,0.0
02/08/2021,300.0,nan,nan,300.0,0.0,0,0.0,0.0
02/09/2021,300.0,nan,nan,300.0,0.0,0,0.0,0.0
02/10/2021,300.0,nan,nan,300.0,0.0,0,0.0,0.0
02/11/2021,300.0,nan,nan,300.0,0.0,0,0.0,0.0
02/12/2021,300.0,nan,nan,300.0,0.0,0,0.0,0.0
02/15/2021,300.0,nan,nan,300.0,0.0,0,0.0,0.0
02/16/2021,300.0,nan,nan,300.0,0.0,0,0.0,0.0
02/17/2021,300.0,nan,nan,300.0,0.0,0,0.0,0.0
02/18/2021,300.0,nan,nan,300.0,0.0,0,0.0,0.0
02/19/2021,300.0,nan,nan,300.0,0.0,0,0.0,0.0
02/22/2021,300.0,nan,nan,300.0,0.0,0,0.0,0.0
02/23/2021,300.0,nan,nan,300.0,0.0,0,0.0,0.0
02/24/2021,300.0,nan,nan,300.0,0.0,0,0.0,0.0
02/25/2021,300.0,nan,nan,300.0,0.0,0,0.0,0.0
02/26/2021,300.0,nan,nan,300.0,0.0,0,0.0,0.0
03/01/2021,300.0,nan,nan,300.0,0.0,0,0.0,0.0
03/02/2021,300.0,nan,nan,300.0,0.0,0,0.0,0.0
03/03/2021,300.0,nan,nan,300.0,0.0,0,0.0,0.0
03/04/2021,300.0,nan,nan,300.0,0.0,0,0.0,0.0
03/05/2021,300.0,nan,nan,300.0,0.0,0,0.0,0.0
03/08/2021,300.0,nan,nan,300.0,0.0,0,0.0,0.0
03/09/2021,300.0,nan,nan,300.0,0.0,0,0.0,0.0
03/10/2021,300.0,nan,nan,300.0,0.0,0,0.0,0.0
03/11/2021,300.0,nan,nan,300.0,0.0,0,0.0,0.0
03/12/2021,300.0,nan,nan,300.0,0.0,0,0.0,0.0
03/15/2021,300.0,nan,nan,300.0,0.0,0,0.0,0.0
03/16/2021,300.0,nan,nan,300.0,0.0,0,0.0,0.0
03/17/2021,300.0,nan,nan,300.0,0.0,0,0.0,0.0
03/18/2021,300.0,nan,nan,300.0,0.0,0,0.0,0.0
03/19/2021,300.0,nan,nan,300.0,0.0,0,0.0,0.0
03/22/2021,300.0,nan,nan,300.0,0.0,0,0.0,0.0
03/23/2021,300.0,nan,nan,300.0,0.0,0,0.0,0.0
03/24/2021,300.0,nan,nan,300.0,0.0,0,0.0,0.0
03/25/2021,300.0,nan,nan,300.0,0.0,0,0.0,0.0
03/26/2021,300.0,nan,nan,300.0,0.0,0,0.0,0.0
03/29/2021,300.0,nan,nan,300.0,0.0,0,0.0,0.0
03/30/2021,300.0,nan,nan,300.0,0.0,0,0.0,0.0
03/31/2021,300.0,nan,nan,300.0,0.0,0,0.0,0.0
04/01/2021,300.0,nan,nan,300.0,0.0,0,0.0,0.0
04/02/2021,300.0,nan,nan,300.0,0.0,0,0.0,0.0
04/05/2021,300.0,nan,nan,300.0,0.0,0,0.0,0.0
04/06/2021,300.0,nan,nan,300.0,0.0,0,0.0,0.0
04/07/2021,300.0,nan,nan,300.0,0.0,0,0.0,0.0
04/08/2021,300.0,nan,nan,300.0,0.0,0,0.0,0.0
04/09/2021,300.0,nan,nan,300.0,0.0,0,0.0,0.0
04/12/2021,300.0,nan,nan,300.0,0.0,0,0.0,0.0
04/13/2021,300.0,nan,nan,300.0,0.0,0,0.0,0.0
04/14/2021,300.0,nan,nan,300.0,0.0,0,0.0,0.0
04/15/2021,300.0,nan,nan,300.0,0.0,0,0.0,0.0
04/16/2021,300.0,nan,nan,300.0,0.0,0,0.0,0.0
04/19/2021,300.0,nan,nan,300.0,0.0,0,0.0,0.0
04/20/2021,300.0,nan,nan,300.0,0.0,0,0.0,0.0
04/21/2021,300.0,nan,nan,300.0,0.0,0,0.0,0.0
04/22/2021,300.0,nan,nan,300.0,0.0,0,0.0,0.0
04/23/2021,300.0,nan,nan,300.0,0.0,0,0.0,0.0
04/26/2021,300.0,nan,nan,300.0,0.0,0,0.0,0.0
04/27/2021,300.0,nan,nan,300.0,0.0,0,0.0,0.0
04/28/2021,300.0,nan,nan,300.0,0.0,0,0.0,0.0
04/29/2021,300.0,nan,nan,300.0,0.0,0,0.0,0.0
05/04/2021,300.0,nan,nan,300.0,0.0,0,0.0,0.0
05/05/2021,300.0,nan,nan,300.0,0.0,0,0.0,0.0
05/06/2021,300.0,nan,nan,300.0,0.0,0,0.0,0.0
05/07/2021,300.0,nan,nan,300.0,0.0,0,0.0,0.0
05/10/2021,300.0,nan,nan,300.0,0.0,0,0.0,0.0
05/11/2021,300.0,nan,nan,300.0,0.0,0,0.0,0.0
05/12/2021,300.0,nan,nan,300.0,0.0,0,0.0,0.0
05/14/2021,300.0,nan,nan,300.0,0.0,0,0.0,0.0
05/17/2021,300.0,nan,nan,300.0,0.0,0,0.0,0.0
05/18/2021,300.0,nan,nan,300.0,0.0,0,0.0,0.0
05/19/2021,300.0,nan,nan,300.0,0.0,0,0.0,0.0
05/20/2021,300.0,nan,nan,300.0,0.0,0,0.0,0.0
05/21/2021,300.0,nan,nan,300.0,0.0,0,0.0,0.0
05/25/2021,300.0,nan,nan,300.0,0.0,0,0.0,0.0
05/26/2021,300.0,nan,nan,300.0,0.0,0,0.0,0.0
05/27/2021,300.0,nan,nan,300.0,0.0,0,0.0,0.0
05/28/2021,300.0,nan,nan,300.0,0.0,0,0.0,0.0
05/31/2021,300.0,nan,nan,300.0,0.0,0,0.0,0.0
06/01/2021,300.0,nan,nan,300.0,0.0,0,0.0,0.0
06/02/2021,300.0,nan,nan,300.0,0.0,0,0.0,0.0
06/03/2021,300.0,nan,nan,300.0,0.0,0,0.0,0.0
06/04/2021,300.0,nan,nan,300.0,0.0,0,0.0,0.0
06/07/2021,300.0,nan,nan,300.0,0.0,0,0.0,0.0
06/08/2021,300.0,nan,nan,300.0,0.0,0,0.0,0.0
06/09/2021,300.0,nan,nan,300.0,0.0,0,0.0,0.0
06/10/2021,300.0,nan,nan,300.0,0.0,0,0.0,0.0
06/11/2021,300.0,nan,nan,300.0,0.0,0,0.0,0.0
06/14/2021,300.0,nan,nan,300.0,0.0,0,0.0,0.0
06/15/2021,300.0,nan,nan,300.0,0.0,0,0.0,0.0
06/16/2021,300.0,nan,nan,300.0,0.0,0,0.0,0.0
06/17/2021,300.0,nan,nan,300.0,0.0,0,0.0,0.0
06/21/2021,300.0,nan,nan,300.0,0.0,0,0.0,0.0
06/22/2021,300.0,nan,nan,300.0,0.0,0,0.0,0.0
06/23/2021,300.0,nan,nan,300.0,0.0,0,0.0,0.0
06/24/2021,300.0,nan,nan,300.0,0.0,0,0.0,0.0
06/25/2021,300.0,nan,nan,300.0,0.0,0,0.0,0.0
06/28/2021,300.0,nan,nan,300.0,0.0,0,0.0,0.0
06/29/2021,300.0,nan,nan,300.0,0.0,0,0.0,0.0
06/30/2021,300.0,nan,nan,300.0,0.0,0,0.0,0.0
07/01/2021,300.0,nan,nan,300.0,0.0,0,0.0,0.0
07/02/2021,300.0,nan,nan,300.0,0.0,0,0.0,0.0
07/05/2021,300.0,nan,nan,300.0,0.0,0,0.0,0.0
07/06/2021,300.0,nan,nan,300.0,0.0,0,0.0,0.0
07/07/2021,300.0,nan,nan,300.0,0.0,0,0.0,0.0
07/08/2021,300.0,nan,nan,300.0,0.0,0,0.0,0.0
07/09/2021,300.0,nan,nan,300.0,0.0,0,0.0,0.0
07/12/2021,300.0,nan,nan,300.0,0.0,0,0.0,0.0
07/13/2021,300.0,nan,nan,300.0,0.0,0,0.0,0.0
07/14/2021,300.0,nan,nan,300.0,0.0,0,0.0,0.0
07/15/2021,300.0,nan,nan,300.0,0.0,0,0.0,0.0
07/16/2021,300.0,nan,nan,300.0,0.0,0,0.0,0.0
07/19/2021,300.0,nan,nan,300.0,0.0,0,0.0,0.0
07/20/2021,300.0,nan,nan,300.0,0.0,0,0.0,0.0
07/21/2021,300.0,nan,nan,300.0,0.0,0,0.0,0.0
07/22/2021,300.0,nan,nan,300.0,0.0,0,0.0,0.0
07/23/2021,300.0,nan,nan,300.0,0.0,0,0.0,0.0
07/26/2021,300.0,nan,nan,300.0,0.0,0,0.0,0.0
07/27/2021,300.0,nan,nan,300.0,0.0,0,0.0,0.0
07/28/2021,300.0,nan,nan,300.0,0.0,0,0.0,0.0
07/29/2021,300.0,nan,nan,300.0,0.0,0,0.0,0.0
07/30/2021,300.0,nan,nan,300.0,0.0,0,0.0,0.0
08/03/2021,300.0,nan,nan,300.0,0.0,0,0.0,0.0
08/04/2021,300.0,nan,nan,300.0,0.0,0,0.0,0.0
08/05/2021,300.0,nan,nan,300.0,0.0,0,0.0,0.0
08/06/2021,300.0,nan,nan,300.0,0.0,0,0.0,0.0
08/09/2021,300.0,nan,nan,300.0,0.0,0,0.0,0.0
08/10/2021,300.0,nan,nan,300.0,0.0,0,0.0,0.0
08/11/2021,300.0,nan,nan,300.0,0.0,0,0.0,0.0
08/12/2021,300.0,nan,nan,300.0,0.0,0,0.0,0.0
08/13/2021,300.0,nan,nan,300.0,0.0,0,0.0,0.0
08/16/2021,300.0,nan,nan,300.0,0.0,0,0.0,0.0
08/17/2021,300.0,nan,nan,300.0,0.0,0,0.0,0.0
08/18/2021,300.0,nan,nan,300.0,0.0,0,0.0,0.0
08/19/2021,300.0,nan,nan,300.0,0.0,0,0.0,0.0
08/20/2021,300.0,nan,nan,300.0,0.0,0,0.0,0.0
08/23/2021,300.0,nan,nan,300.0,0.0,0,0.0,0.0
08/24/2021,300.0,nan,nan,300.0,0.0,0,0.0,0.0
08/25/2021,300.0,nan,nan,300.0,0.0,0,0.0,0.0
08/26/2021,300.0,nan,nan,300.0,0.0,0,0.0,0.0
08/27/2021,300.0,nan,nan,300.0,0.0,0,0.0,0.0
08/30/2021,300.0,nan,nan,300.0,0.0,0,0.0,0.0
08/31/2021,300.0,nan,nan,300.0,0.0,0,0.0,0.0
09/01/2021,300.0,nan,nan,300.0,0.0,0,0.0,0.0
09/02/2021,300.0,nan,nan,300.0,0.0,0,0.0,0.0
09/03/2021,300.0,nan,nan,300.0,0.0,0,0.0,0.0
09/06/2021,300.0,nan,nan,300.0,0.0,0,0.0,0.0
09/07/2021,300.0,nan,nan,300.0,0.0,0,0.0,0.0
09/09/2021,300.0,nan,nan,300.0,0.0,0,0.0,0.0
09/10/2021,300.0,nan,nan,300.0,0.0,0,0.0,0.0
09/13/2021,300.0,nan,nan,300.0,0.0,0,0.0,0.0
09/14/2021,300.0,nan,nan,300.0,0.0,0,0.0,0.0
09/15/2021,300.0,nan,nan,300.0,0.0,0,0.0,0.0
09/16/2021,300.0,nan,nan,300.0,0.0,0,0.0,0.0
09/17/2021,300.0,nan,nan,300.0,0.0,0,0.0,0.0
09/20/2021,300.0,nan,nan,300.0,0.0,0,0.0,0.0
09/21/2021,300.0,nan,nan,300.0,0.0,0,0.0,0.0
09/22/2021,300.0,nan,nan,300.0,0.0,0,0.0,0.0
09/23/2021,300.0,nan,nan,300.0,0.0,0,0.0,0.0
09/24/2021,300.0,nan,nan,300.0,0.0,0,0.0,0.0
09/27/2021,300.0,nan,nan,300.0,0.0,0,0.0,0.0
09/28/2021,300.0,nan,nan,300.0,0.0,0,0.0,0.0
09/29/2021,300.0,nan,nan,300.0,0.0,0,0.0,0.0
09/30/2021,300.0,nan,nan,300.0,0.0,0,0.0,0.0
10/01/2021,300.0,nan,nan,300.0,0.0,0,0.0,0.0
10/04/2021,300.0,nan,nan,300.0,0.0,0,0.0,0.0
10/05/2021,300.0,nan,nan,300.0,0.0,0,0.0,0.0
10/06/2021,300.0,nan,nan,300.0,0.0,0,0.0,0.0
10/07/2021,300.0,nan,nan,300.0,0.0,0,0.0,0.0
10/08/2021,300.0,nan,nan,300.0,0.0,0,0.0,0.0
10/12/2021,300.0,nan,nan,300.0,0.0,0,0.0,0.0
10/13/2021,300.0,nan,nan,300.0,0.0,0,0.0,0.0
10/14/2021,300.0,nan,nan,300.0,0.0,0,0.0,0.0
10/15/2021,300.0,nan,nan,300.0,0.0,0,0.0,0.0
10/18/2021,300.0,nan,nan,300.0,0.0,0,0.0,0.0
10/19/2021,300.0,nan,nan,300.0,0.0,0,0.0,0.0
10/20/2021,300.0,nan,nan,300.0,0.0,0,0.0,0.0
10/21/2021,300.0,nan,nan,300.0,0.0,0,0.0,0.0
10/22/2021,300.0,nan,nan,300.0,0.0,0,0.0,0.0
10/25/2021,300.0,nan,nan,300.0,0.0,0,0.0,0.0
10/26/2021,300.0,nan,nan,300.0,0.0,0,0.0,0.0
10/27/2021,300.0,nan,nan,300.0,0.0,0,0.0,0.0
10/28/2021,300.0,nan,nan,300.0,0.0,0,0.0,0.0
10/29/2021,300.0,nan,nan,300.0,0.0,0,0.0,0.0
11/01/2021,300.0,nan,nan,300.0,0.0,0,0.0,0.0
11/02/2021,300.0,nan,nan,300.0,0.0,0,0.0,0.0
11/03/2021,300.0,nan,nan,300.0,0.0,0,0.0,0.0
11/04/2021,300.0,nan,nan,300.0,0.0,0,0.0,0.0
11/05/2021,300.0,nan,nan,300.0,0.0,0,0.0,0.0
11/08/2021,300.0,nan,nan,300.0,0.0,0,0.0,0.0
11/09/2021,300.0,nan,nan,300.0,0.0,0,0.0,0.0
11/10/2021,300.0,nan,nan,300.0,0.0,0,0.0,0.0
11/11/2021,300.0,nan,nan,300.0,0.0,0,0.0,0.0
11/12/2021,300.0,nan,nan,300.0,0.0,0,0.0,0.0
11/15/2021,300.0,nan,nan,300.0,0.0,0,0.0,0.0
11/16/2021,300.0,nan,nan,300.0,0.0,0,0.0,0.0
11/17/2021,300.0,nan,nan,300.0,0.0,0,0.0,0.0
11/18/2021,300.0,nan,nan,300.0,0.0,0,0.0,0.0
11/19/2021,300.0,nan,nan,300.0,0.0,0,0.0,0.0
11/22/2021,300.0,nan,nan,300.0,0.0,0,0.0,0.0
11/23/2021,300.0,nan,nan,300.0,0.0,0,0.0,0.0
11/24/2021,300.0,nan,nan,300.0,0.0,0,0.0,0.0
11/25/2021,300.0,nan,nan,300.0,0.0,0,0.0,0.0
11/26/2021,300.0,nan,nan,300.0,0.0,0,0.0,0.0
11/29/2021,300.0,nan,nan,300.0,0.0,0,0.0,0.0
11/30/2021,300.0,nan,nan,300.0,0.0,0,0.0,0.0
12/01/2021,300.0,nan,nan,300.0,0.0,0,0.0,0.0
12/02/2021,300.0,nan,nan,300.0,0.0,0,0.0,0.0
12/03/2021,300.0,nan,nan,300.0,0.0,0,0.0,0.0
12/06/2021,300.0,nan,nan,300.0,0.0,0,0.0,0.0
12/07/2021,300.0,nan,nan,300.0,0.0,0,0.0,0.0
12/09/2021,300.0,nan,nan,300.0,0.0,0,0.0,0.0
12/10/2021,300.0,nan,nan,300.0,0.0,0,0.0,0.0
12/13/2021,300.0,nan,nan,300.0,0.0,0,0.0,0.0
12/14/2021,300.0,nan,nan,300.0,0.0,0,0.0,0.0
12/15/2021,300.0,nan,nan,300.0,0.0,0,0.0,0.0
12/16/2021,300.0,nan,nan,300.0,0.0,0,0.0,0.0
12/17/2021,300.0,nan,nan,300.0,0.0,0,0.0,0.0
12/20/2021,300.0,nan,nan,300.0,0.0,0,0.0,0.0
12/21/2021,300.0,nan,nan,300.0,0.0,0,0.0,0.0
12/22/2021,300.0,nan,nan,300.0,0.0,0,0.0,0.0
12/23/2021,300.0,nan,nan,300.0,0.0,0,0.0,0.0
12/24/2021,300.0,nan,nan,300.0,0.0,0,0.0,0.0
12/27/2021,300.0,nan,nan,300.0,0.0,0,0.0,0.0
12/28/2021,300.0,nan,nan,300.0,0.0,0,0.0,0.0
12/29/2021,300.0,nan,nan,300.0,0.0,0,0.0,0.0
12/30/2021,300.0,nan,nan,300.0,0.0,0,0.0,0.0
01/03/2022,300.0,nan,nan,300.0,0.0,0,0.0,0.0
01/04/2022,300.0,nan,nan,300.0,0.0,0,0.0,0.0
01/05/2022,300.0,nan,nan,300.0,0.0,0,0.0,0.0
01/10/2022,300.0,nan,nan,300.0,0.0,0,0.0,0.0
01/11/2022,300.0,nan,nan,300.0,0.0,0,0.0,0.0
01/12/2022,300.0,nan,nan,300.0,0.0,0,0.0,0.0
01/13/2022,300.0,nan,nan,300.0,0.0,0,0.0,0.0
01/14/2022,300.0,nan,nan,300.0,0.0,0,0.0,0.0
01/17/2022,300.0,nan,nan,300.0,0.0,0,0.0,0.0
01/18/2022,300.0,nan,nan,300.0,0.0,0,0.0,0.0
01/20/2022,300.0,nan,nan,300.0,0.0,0,0.0,0.0
01/21/2022,300.0,nan,nan,300.0,0.0,0,0.0,0.0
01/24/2022,300.0,nan,nan,300.0,0.0,0,0.0,0.0
01/25/2022,300.0,nan,nan,300.0,0.0,0,0.0,0.0
01/26/2022,300.0,nan,nan,300.0,0.0,0,0.0,0.0
01/27/2022,300.0,nan,nan,300.0,0.0,0,0.0,0.0
01/28/2022,300.0,nan,nan,300.0,0.0,0,0.0,0.0
01/31/2022,300.0,nan,nan,300.0,0.0,0,0.0,0.0
02/01/2022,300.0,nan,nan,300.0,0.0,0,0.0,0.0
02/02/2022,300.0,nan,nan,300.0,0.0,0,0.0,0.0
02/03/2022,300.0,nan,nan,300.0,0.0,0,0.0,0.0
02/04/2022,300.0,nan,nan,300.0,0.0,0,0.0,0.0
02/07/2022,300.0,nan,nan,300.0,0.0,0,0.0,0.0
02/08/2022,300.0,nan,nan,300.0,0.0,0,0.0,0.0
02/09/2022,300.0,nan,nan,300.0,0.0,0,0.0,0.0
02/10/2022,300.0,nan,nan,300.0,0.0,0,0.0,0.0
02/11/2022,300.0,nan,nan,300.0,0.0,0,0.0,0.0
02/14/2022,300.0,nan,nan,300.0,0.0,0,0.0,0.0
02/15/2022,300.0,nan,nan,300.0,0.0,0,0.0,0.0
02/16/2022,300.0,nan,nan,300.0,0.0,0,0.0,0.0
02/17/2022,300.0,nan,nan,300.0,0.0,0,0.0,0.0
02/18/2022,300.0,nan,nan,300.0,0.0,0,0.0,0.0
02/21/2022,300.0,nan,nan,300.0,0.0,0,0.0,0.0
02/22/2022,300.0,nan,nan,300.0,0.0,0,0.0,0.0
02/23/2022,300.0,nan,nan,300.0,0.0,0,0.0,0.0
02/24/2022,300.0,nan,nan,300.0,0.0,0,0.0,0.0
02/25/2022,300.0,nan,nan,300.0,0.0,0,0.0,0.0
02/28/2022,300.0,nan,nan,300.0,0.0,0,0.0,0.0
03/01/2022,300.0,nan,nan,300.0,0.0,0,0.0,0.0
03/02/2022,300.0,nan,nan,300.0,0.0,0,0.0,0.0
03/03/2022,300.0,nan,nan,300.0,0.0,0,0.0,0.0
03/04/2022,300.0,nan,nan,300.0,0.0,0,0.0,0.0
03/07/2022,300.0,nan,nan,300.0,0.0,0,0.0,0.0
03/08/2022,300.0,nan,nan,300.0,0.0,0,0.0,0.0
03/09/2022,300.0,nan,nan,300.0,0.0,0,0.0,0.0
03/10/2022,300.0,nan,nan,300.0,0.0,0,0.0,0.0
03/11/2022,300.0,nan,nan,300.0,0.0,0,0.0,0.0
03/14/2022,300.0,nan,nan,300.0,0.0,0,0.0,0.0
03/15/2022,300.0,nan,nan,300.0,0.0,0,0.0,0.0
03/16/2022,300.0,nan,nan,300.0,0.0,0,0.0,0.0
03/17/2022,300.0,nan,nan,300.0,0.0,0,0.0,0.0
03/18/2022,300.0,nan,nan,300.0,0.0,0,0.0,0.0
03/21/2022,300.0,nan,nan,300.0,0.0,0,0.0,0.0
03/22/2022,300.0,nan,nan,300.0,0.0,0,0.0,0.0
03/23/2022,300.0,nan,nan,300.0,0.0,0,0.0,0.0
03/24/2022,300.0,nan,nan,300.0,0.0,0,0.0,0.0
03/25/2022,300.0,nan,nan,300.0,0.0,0,0.0,0.0
03/28/2022,300.0,nan,nan,300.0,0.0,0,0.0,0.0
03/29/2022,300.0,nan,nan,300.0,0.0,0,0.0,0.0
03/30/2022,300.0,nan,nan,300.0,0.0,0,0.0,0.0
03/31/2022,300.0,nan,nan,300.0,0.0,0,0.0,0.0
04/01/2022,300.0,nan,nan,300.0,0.0,0,0.0,0.0
04/04/2022,300.0,nan,nan,300.0,0.0,0,0.0,0.0
04/05/2022,300.0,nan,nan,300.0,0.0,0,0.0,0.0
04/06/2022,300.0,nan,nan,300.0,0.0,0,0.0,0.0
04/07/2022,300.0,nan,nan,300.0,0.0,0,0.0,0.0
04/08/2022,300.0,nan,nan,300.0,0.0,0,0.0,0.0
04/11/2022,300.0,nan,nan,300.0,0.0,0,0.0,0.0
04/12/2022,300.0,nan,nan,300.0,0.0,0,0.0,0.0
04/13/2022,300.0,nan,nan,300.0,0.0,0,0.0,0.0
04/14/2022,300.0,nan,nan,300.0,0.0,0,0.0,0.0
04/15/2022,300.0,nan,nan,300.0,0.0,0,0.0,0.0
04/18/2022,300.0,nan,nan,300.0,0.0,0,0.0,0.0
04/19/2022,300.0,nan,nan,300.0,0.0,0,0.0,0.0
04/20/2022,300.0,nan,nan,300.0,0.0,0,0.0,0.0
04/21/2022,300.0,nan,nan,300.0,0.0,0,0.0,0.0
04/26/2022,300.0,nan,nan,300.0,0.0,0,0.0,0.0
04/27/2022,300.0,nan,nan,300.0,0.0,0,0.0,0.0
04/28/2022,300.0,nan,nan,300.0,0.0,0,0.0,0.0
04/29/2022,300.0,nan,nan,300.0,0.0,0,0.0,0.0
05/03/2022,300.0,nan,nan,300.0,0.0,0,0.0,0.0
05/04/2022,300.0,nan,nan,300.0,0.0,0,0.0,0.0
05/05/2022,300.0,nan,nan,300.0,0.0,0,0.0,0.0
05/06/2022,300.0,nan,nan,300.0,0.0,0,0.0,0.0
05/09/2022,300.0,nan,nan,300.0,0.0,0,0.0,0.0
05/10/2022,300.0,nan,nan,300.0,0.0,0,0.0,0.0
05/11/2022,300.0,nan,nan,300.0,0.0,0,0.0,0.0
05/12/2022,300.0,nan,nan,300.0,0.0,0,0.0,0.0
05/13/2022,300.0,nan,nan,300.0,0.0,0,0.0,0.0
05/16/2022,300.0,nan,nan,300.0,0.0,0,0.0,0.0
05/17/2022,300.0,nan,nan,300.0,0.0,0,0.0,0.0
05/18/2022,300.0,nan,nan,300.0,0.0,0,0.0,0.0
05/19/2022,300.0,nan,nan,300.0,0.0,0,0.0,0.0
05/20/2022,300.0,nan,nan,300.0,0.0,0,0.0,0.0
05/23/2022,300.0,nan,nan,300.0,0.0,0,0.0,0.0
05/25/2022,300.0,nan,nan,300.0,0.0,0,0.0,0.0
05/26/2022,300.0,nan,nan,300.0,0.0,0,0.0,0.0
05/27/2022,300.0,nan,nan,300.0,0.0,0,0.0,0.0
05/30/2022,300.0,nan,nan,300.0,0.0,0,0.0,0.0
05/31/2022,300.0,nan,nan,300.0,0.0,0,0.0,0.0
06/01/2022,300.0,nan,nan,300.0,0.0,0,0.0,0.0
06/02/2022,300.0,nan,nan,300.0,0.0,0,0.0,0.0
06/03/2022,300.0,nan,nan,300.0,0.0,0,0.0,0.0
06/06/2022,300.0,nan,nan,300.0,0.0,0,0.0,0.0
06/07/2022,300.0,nan,nan,300.0,0.0,0,0.0,0.0
06/08/2022,300.0,nan,nan,300.0,0.0,0,0.0,0.0
06/09/2022,300.0,nan,nan,300.0,0.0,0,0.0,0.0
06/13/2022,300.0,nan,nan,300.0,0.0,0,0.0,0.0
06/14/2022,300.0,nan,nan,300.0,0.0,0,0.0,0.0
06/15/2022,300.0,nan,nan,300.0,0.0,0,0.0,0.0
06/16/2022,300.0,nan,nan,300.0,0.0,0,0.0,0.0
06/17/2022,300.0,nan,nan,300.0,0.0,0,0.0,0.0
06/20/2022,300.0,nan,nan,300.0,0.0,0,0.0,0.0
06/21/2022,300.0,nan,nan,300.0,0.0,0,0.0,0.0
06/22/2022,300.0,nan,nan,300.0,0.0,0,0.0,0.0
06/23/2022,300.0,nan,nan,300.0,0.0,0,0.0,0.0
06/24/2022,300.0,nan,nan,300.0,0.0,0,0.0,0.0
06/27/2022,300.0,nan,nan,300.0,0.0,0,0.0,0.0
06/28/2022,300.0,nan,nan,300.0,0.0,0,0.0,0.0
06/29/2022,300.0,nan,nan,300.0,0.0,0,0.0,0.0
06/30/2022,300.0,nan,nan,300.0,0.0,0,0.0,0.0
07/01/2022,300.0,nan,nan,300.0,0.0,0,0.0,0.0
07/04/2022,300.0,nan,nan,300.0,0.0,0,0.0,0.0
07/05/2022,300.0,nan,nan,300.0,0.0,0,0.0,0.0
07/06/2022,300.0,nan,nan,300.0,0.0,0,0.0,0.0
07/07/2022,300.0,nan,nan,300.0,0.0,0,0.0,0.0
07/08/2022,300.0,nan,nan,300.0,0.0,0,0.0,0.0
07/11/2022,300.0,nan,nan,300.0,0.0,0,0.0,0.0
07/12/2022,300.0,nan,nan,300.0,0.0,0,0.0,0.0
07/13/2022,300.0,nan,nan,300.0,0.0,0,0.0,0.0
07/14/2022,300.0,nan,nan,300.0,0.0,0,0.0,0.0
07/15/2022,300.0,nan,nan,300.0,0.0,0,0.0,0.0
07/18/2022,300.0,nan,nan,300.0,0.0,0,0.0,0.0
07/19/2022,300.0,nan,nan,300.0,0.0,0,0.0,0.0
07/20/2022,300.0,nan,nan,300.0,0.0,0,0.0,0.0
07/21/2022,300.0,nan,nan,300.0,0.0,0,0.0,0.0
07/22/2022,300.0,nan,nan,300.0,0.0,0,0.0,0.0
07/25/2022,300.0,nan,nan,300.0,0.0,0,0.0,0.0
07/26/2022,300.0,nan,nan,300.0,0.0,0,0.0,0.0
07/27/2022,300.0,nan,nan,300.0,0.0,0,0.0,0.0
07/28/2022,300.0,nan,nan,300.0,0.0,0,0.0,0.0
07/29/2022,300.0,nan,nan,300.0,0.0,0,0.0,0.0
08/01/2022,300.0,nan,nan,300.0,0.0,0,0.0,0.0
08/03/2022,300.0,nan,nan,300.0,0.0,0,0.0,0.0
08/04/2022,300.0,nan,nan,300.0,0.0,0,0.0,0.0
08/05/2022,300.0,nan,nan,300.0,0.0,0,0.0,0.0
08/08/2022,300.0,nan,nan,300.0,0.0,0,0.0,0.0
08/09/2022,300.0,nan,nan,300.0,0.0,0,0.0,0.0
08/10/2022,300.0,nan,nan,300.0,0.0,0,0.0,0.0
08/11/2022,300.0,nan,nan,300.0,0.0,0,0.0,0.0
08/12/2022,300.0,nan,nan,300.0,0.0,0,0.0,0.0
08/15/2022,300.0,nan,nan,300.0,0.0,0,0.0,0.0
08/16/2022,300.0,nan,nan,300.0,0.0,0,0.0,0.0
08/17/2022,300.0,nan,nan,300.0,0.0,0,0.0,0.0
08/18/2022,300.0,nan,nan,300.0,0.0,0,0.0,0.0
08/19/2022,300.0,nan,nan,300.0,0.0,0,0.0,0.0
08/22/2022,300.0,nan,nan,300.0,0.0,0,0.0,0.0
08/23/2022,300.0,nan,nan,300.0,0.0,0,0.0,0.0
08/24/2022,300.0,nan,nan,300.0,0.0,0,0.0,0.0
08/25/2022,300.0,nan,nan,300.0,0.0,0,0.0,0.0
08/26/2022,300.0,nan,nan,300.0,0.0,0,0.0,0.0
08/29/2022,300.0,nan,nan,300.0,0.0,0,0.0,0.0
08/30/2022,300.0,nan,nan,300.0,0.0,0,0.0,0.0
08/31/2022,300.0,nan,nan,300.0,0.0,0,0.0,0.0
09/01/2022,300.0,nan,nan,300.0,0.0,0,0.0,0.0
09/02/2022,300.0,nan,nan,300.0,0.0,0,0.0,0.0
09/05/2022,300.0,nan,nan,300.0,0.0,0,0.0,0.0
09/06/2022,300.0,nan,nan,300.0,0.0,0,0.0,0.0
09/07/2022,300.0,nan,nan,300.0,0.0,0,0.0,0.0
09/09/2022,300.0,nan,nan,300.0,0.0,0,0.0,0.0
09/12/2022,300.0,nan,nan,300.0,0.0,0,0.0,0.0
09/13/2022,300.0,nan,nan,300.0,0.0,0,0.0,0.0
09/14/2022,300.0,nan,nan,300.0,0.0,0,0.0,0.0
09/15/2022,300.0,nan,nan,300.0,0.0,0,0.0,0.0
09/16/2022,300.0,nan,nan,300.0,0.0,0,0.0,0.0
09/19/2022,300.0,nan,nan,300.0,0.0,0,0.0,0.0
09/20/2022,300.0,nan,nan,300.0,0.0,0,0.0,0.0
09/21/2022,300.0,nan,nan,300.0,0.0,0,0.0,0.0
09/22/2022,300.0,nan,nan,300.0,0.0,0,0.0,0.0
09/23/2022,300.0,nan,nan,300.0,0.0,0,0.0,0.0
09/26/2022,300.0,nan,nan,300.0,0.0,0,0.0,0.0
09/27/2022,300.0,nan,nan,300.0,0.0,0,0.0,0.0
09/28/2022,300.0,nan,nan,300.0,0.0,0,0.0,0.0
09/29/2022,300.0,nan,nan,300.0,0.0,0,0.0,0.0
09/30/2022,300.0,nan,nan,300.0,0.0,0,0.0,0.0
10/03/2022,300.0,nan,nan,300.0,0.0,0,0.0,0.0
10/04/2022,300.0,nan,nan,300.0,0.0,0,0.0,0.0
10/05/2022,300.0,nan,nan,300.0,0.0,0,0.0,0.0
10/06/2022,300.0,nan,nan,300.0,0.0,0,0.0,0.0
10/07/2022,300.0,nan,nan,300.0,0.0,0,0.0,0.0
10/10/2022,300.0,nan,nan,300.0,0.0,0,0.0,0.0
10/12/2022,300.0,nan,nan,300.0,0.0,0,0.0,0.0
10/13/2022,300.0,nan,nan,300.0,0.0,0,0.0,0.0
10/14/2022,300.0,nan,nan,300.0,0.0,0,0.0,0.0
10/17/2022,300.0,nan,nan,300.0,0.0,0,0.0,0.0
10/18/2022,300.0,nan,nan,300.0,0.0,0,0.0,0.0
10/19/2022,300.0,nan,nan,300.0,0.0,0,0.0,0.0
10/20/2022,300.0,nan,nan,300.0,0.0,0,0.0,0.0
10/21/2022,300.0,nan,nan,300.0,0.0,0,0.0,0.0
10/25/2022,300.0,nan,nan,300.0,0.0,0,0.0,0.0
10/26/2022,300.0,nan,nan,300.0,0.0,0,0.0,0.0
10/27/2022,300.0,nan,nan,300.0,0.0,0,0.0,0.0
10/28/2022,300.0,nan,nan,300.0,0.0,0,0.0,0.0
10/31/2022,300.0,nan,nan,300.0,0.0,0,0.0,0.0
11/01/2022,300.0,nan,nan,300.0,0.0,0,0.0,0.0
11/02/2022,300.0,nan,nan,300.0,0.0,0,0.0,0.0
11/03/2022,300.0,nan,nan,300.0,0.0,0,0.0,0.0
11/04/2022,300.0,nan,nan,300.0,0.0,0,0.0,0.0
11/07/2022,300.0,nan,nan,300.0,0.0,0,0.0,0.0
11/08/2022,300.0,nan,nan,300.0,0.0,0,0.0,0.0
11/09/2022,300.0,nan,nan,300.0,0.0,0,0.0,0.0
11/10/2022,300.0,nan,nan,300.0,0.0,0,0.0,0.0
11/11/2022,300.0,nan,nan,300.0,0.0,0,0.0,0.0
11/14/2022,300.0,nan,nan,300.0,0.0,0,0.0,0.0
11/15/2022,300.0,nan,nan,300.0,0.0,0,0.0,0.0
11/16/2022,300.0,nan,nan,300.0,0.0,0,0.0,0.0
11/17/2022,300.0,nan,nan,300.0,0.0,0,0.0,0.0
11/18/2022,300.0,nan,nan,300.0,0.0,0,0.0,0.0
11/21/2022,300.0,nan,nan,300.0,0.0,0,0.0,0.0
11/22/2022,300.0,nan,nan,300.0,0.0,0,0.0,0.0
11/23/2022,300.0,nan,nan,300.0,0.0,0,0.0,0.0
11/24/2022,300.0,nan,nan,300.0,0.0,0,0.0,0.0
11/25/2022,300.0,nan,nan,300.0,0.0,0,0.0,0.0
11/28/2022,300.0,nan,nan,300.0,0.0,0,0.0,0.0
11/29/2022,300.0,nan,nan,300.0,0.0,0,0.0,0.0
11/30/2022,300.0,nan,nan,300.0,0.0,0,0.0,0.0
12/01/2022,300.0,nan,nan,300.0,0.0,0,0.0,0.0
12/02/2022,300.0,nan,nan,300.0,0.0,0,0.0,0.0
12/05/2022,300.0,nan,nan,300.0,0.0,0,0.0,0.0
12/06/2022,300.0,nan,nan,300.0,0.0,0,0.0,0.0
12/07/2022,300.0,nan,nan,300.0,0.0,0,0.0,0.0
12/09/2022,300.0,nan,nan,300.0,0.0,0,0.0,0.0
12/12/2022,300.0,nan,nan,300.0,0.0,0,0.0,0.0
12/13/2022,300.0,nan,nan,300.0,0.0,0,0.0,0.0
12/14/2022,300.0,nan,nan,300.0,0.0,0,0.0,0.0
12/15/2022,300.0,nan,nan,300.0,0.0,0,0.0,0.0
12/16/2022,300.0,nan,nan,300.0,0.0,0,0.0,0.0
12/19/2022,300.0,nan,nan,300.0,0.0,0,0.0,0.0
12/20/2022,300.0,nan,nan,300.0,0.0,0,0.0,0.0
12/21/2022,300.0,nan,nan,300.0,0.0,0,0.0,0.0
12/22/2022,300.0,nan,nan,300.0,0.0,0,0.0,0.0
12/23/2022,300.0,nan,nan,300.0,0.0,0,0.0,0.0
12/26/2022,300.0,nan,nan,300.0,0.0,0,0.0,0.0
12/27/2022,300.0,nan,nan,300.0,0.0,0,0.0,0.0
12/28/2022,300.0,nan,nan,300.0,0.0,0,0.0,0.0
12/29/2022,300.0,nan,nan,300.0,0.0,0,0.0,0.0
01/03/2023,300.0,nan,nan,300.0,0.0,0,0.0,0.0
01/04/2023,300.0,nan,nan,300.0,0.0,0,0.0,0.0
01/05/2023,300.0,nan,nan,300.0,0.0,0,0.0,0.0
01/09/2023,300.0,nan,nan,300.0,0.0,0,0.0,0.0
01/10/2023,300.0,nan,nan,300.0,0.0,0,0.0,0.0
01/11/2023,300.0,nan,nan,300.0,0.0,0,0.0,0.0
01/12/2023,300.0,nan,nan,300.0,0.0,0,0.0,0.0
01/13/2023,300.0,nan,nan,300.0,0.0,0,0.0,0.0
01/16/2023,300.0,nan,nan,300.0,0.0,0,0.0,0.0
01/17/2023,300.0,nan,nan,300.0,0.0,0,0.0,0.0
01/18/2023,300.0,nan,nan,300.0,0.0,0,0.0,0.0
01/20/2023,300.0,nan,nan,300.0,0.0,0,0.0,0.0
01/23/2023,300.0,nan,nan,300.0,0.0,0,0.0,0.0
01/24/2023,300.0,nan,nan,300.0,0.0,0,0.0,0.0
01/25/2023,300.0,nan,nan,300.0,0.0,0,0.0,0.0
01/26/2023,300.0,nan,nan,300.0,0.0,0,0.0,0.0
01/27/2023,300.0,nan,nan,300.0,0.0,0,0.0,0.0
01/30/2023,300.0,nan,nan,300.0,0.0,0,0.0,0.0
01/31/2023,300.0,nan,nan,300.0,0.0,0,0.0,0.0
02/01/2023,300.0,nan,nan,300.0,0.0,0,0.0,0.0
02/02/2023,300.0,nan,nan,300.0,0.0,0,0.0,0.0
02/03/2023,300.0,nan,nan,300.0,0.0,0,0.0,0.0
02/06/2023,300.0,nan,nan,300.0,0.0,0,0.0,0.0
02/07/2023,300.0,nan,nan,300.0,0.0,0,0.0,0.0
02/08/2023,300.0,nan,nan,300.0,0.0,0,0.0,0.0
02/09/2023,300.0,nan,nan,300.0,0.0,0,0.0,0.0
02/10/2023,300.0,nan,nan,300.0,0.0,0,0.0,0.0
02/13/2023,300.0,nan,nan,300.0,0.0,0,0.0,0.0
02/14/2023,300.0,nan,nan,300.0,0.0,0,0.0,0.0
02/15/2023,300.0,nan,nan,300.0,0.0,0,0.0,0.0
02/16/2023,300.0,nan,nan,300.0,0.0,0,0.0,0.0
02/17/2023,300.0,nan,nan,300.0,0.0,0,0.0,0.0
02/20/2023,300.0,nan,nan,300.0,0.0,0,0.0,0.0
02/21/2023,300.0,nan,nan,300.0,0.0,0,0.0,0.0
02/22/2023,300.0,nan,nan,300.0,0.0,0,0.0,0.0
02/23/2023,300.0,nan,nan,300.0,0.0,0,0.0,0.0
02/24/2023,300.0,nan,nan,300.0,0.0,0,0.0,0.0
02/27/2023,300.0,nan,nan,300.0,0.0,0,0.0,0.0
02/28/2023,300.0,nan,nan,300.0,0.0,0,0.0,0.0
03/01/2023,300.0,nan,nan,300.0,0.0,0,0.0,0.0
03/02/2023,300.0,nan,nan,300.0,0.0,0,0.0,0.0
03/03/2023,300.0,nan,nan,300.0,0.0,0,0.0,0.0
03/06/2023,300.0,nan,nan,300.0,0.0,0,0.0,0.0
03/07/2023,300.0,nan,nan,300.0,0.0,0,0.0,0.0
03/08/2023,300.0,nan,nan,300.0,0.0,0,0.0,0.0
03/09/2023,300.0,nan,nan,300.0,0.0,0,0.0,0.0
03/10/2023,300.0,nan,nan,300.0,0.0,0,0.0,0.0
03/13/2023,300.0,nan,nan,300.0,0.0,0,0.0,0.0
03/14/2023,300.0,nan,nan,300.0,0.0,0,0.0,0.0
03/15/2023,300.0,nan,nan,300.0,0.0,0,0.0,0.0
03/16/2023,300.0,nan,nan,300.0,0.0,0,0.0,0.0
03/17/2023,300.0,nan,nan,300.0,0.0,0,0.0,0.0
03/20/2023,300.0,nan,nan,300.0,0.0,0,0.0,0.0
03/21/2023,300.0,nan,nan,300.0,0.0,0,0.0,0.0
03/22/2023,300.0,nan,nan,300.0,0.0,0,0.0,0.0
03/23/2023,300.0,nan,nan,300.0,0.0,0,0.0,0.0
03/24/2023,300.0,nan,nan,300.0,0.0,0,0.0,0.0
03/27/2023,300.0,nan,nan,300.0,0.0,0,0.0,0.0
03/28/2023,300.0,nan,nan,300.0,0.0,0,0.0,0.0
03/29/2023,300.0,nan,nan,300.0,0.0,0,0.0,0.0
03/30/2023,300.0,nan,nan,300.0,0.0,0,0.0,0.0
03/31/2023,300.0,nan,nan,300.0,0.0,0,0.0,0.0
04/03/2023,300.0,nan,nan,300.0,0.0,0,0.0,0.0
04/04/2023,300.0,nan,nan,300.0,0.0,0,0.0,0.0
04/05/2023,300.0,nan,nan,300.0,0.0,0,0.0,0.0
04/06/2023,300.0,nan,nan,300.0,0.0,0,0.0,0.0
04/07/2023,300.0,nan,nan,300.0,0.0,0,0.0,0.0
04/10/2023,300.0,nan,nan,300.0,0.0,0,0.0,0.0
04/11/2023,300.0,nan,nan,300.0,0.0,0,0.0,0.0
04/12/2023,300.0,nan,nan,300.0,0.0,0,0.0,0.0
04/13/2023,300.0,nan,nan,300.0,0.0,0,0.0,0.0
04/18/2023,300.0,nan,nan,300.0,0.0,0,0.0,0.0
04/19/2023,300.0,nan,nan,300.0,0.0,0,0.0,0.0
04/20/2023,300.0,nan,nan,300.0,0.0,0,0.0,0.0
04/24/2023,300.0,nan,nan,300.0,0.0,0,0.0,0.0
04/25/2023,300.0,nan,nan,300.0,0.0,0,0.0,0.0
04/26/2023,300.0,nan,nan,300.0,0.0,0,0.0,0.0
04/27/2023,300.0,nan,nan,300.0,0.0,0,0.0,0.0
04/28/2023,300.0,nan,nan,300.0,0.0,0,0.0,0.0
05/02/2023,300.0,nan,nan,300.0,0.0,0,0.0,0.0
05/03/2023,300.0,nan,nan,300.0,0.0,0,0.0,0.0
05/04/2023,300.0,nan,nan,300.0,0.0,0,0.0,0.0
05/05/2023,300.0,nan,nan,300.0,0.0,0,0.0,0.0
05/08/2023,300.0,nan,nan,300.0,0.0,0,0.0,0.0
05/09/2023,300.0,nan,nan,300.0,0.0,0,0.0,0.0
05/10/2023,300.0,nan,nan,300.0,0.0,0,0.0,0.0
05/11/2023,300.0,nan,nan,300.0,0.0,0,0.0,0.0
05/12/2023,300.0,nan,nan,300.0,0.0,0,0.0,0.0
05/15/2023,300.0,nan,nan,300.0,0.0,0,0.0,0.0
05/16/2023,300.0,nan,nan,300.0,0.0,0,0.0,0.0
05/17/2023,300.0,nan,nan,300.0,0.0,0,0.0,0.0
05/18/2023,300.0,nan,nan,300.0,0.0,0,0.0,0.0
05/19/2023,300.0,nan,nan,300.0,0.0,0,0.0,0.0
05/22/2023,300.0,nan,nan,300.0,0.0,0,0.0,0.0
05/23/2023,300.0,nan,nan,300.0,0.0,0,0.0,0.0
05/25/2023,300.0,nan,nan,300.0,0.0,0,0.0,0.0
05/26/2023,300.0,nan,nan,300.0,0.0,0,0.0,0.0
05/29/2023,300.0,nan,nan,300.0,0.0,0,0.0,0.0
05/30/2023,300.0,nan,nan,300.0,0.0,0,0.0,0.0
05/31/2023,300.0,nan,nan,300.0,0.0,0,0.0,0.0
06/01/2023,300.0,nan,nan,300.0,0.0,0,0.0,0.0
06/05/2023,300.0,nan,nan,300.0,0.0,0,0.0,0.0
06/06/2023,300.0,nan,nan,300.0,0.0,0,0.0,0.0
06/07/2023,300.0,nan,nan,300.0,0.0,0,0.0,0.0
06/08/2023,300.0,nan,nan,300.0,0.0,0,0.0,0.0
06/09/2023,300.0,nan,nan,300.0,0.0,0,0.0,0.0
06/12/2023,300.0,nan,nan,300.0,0.0,0,0.0,0.0
06/13/2023,300.0,nan,nan,300.0,0.0,0,0.0,0.0
06/14/2023,300.0,nan,nan,300.0,0.0,0,0.0,0.0
06/15/2023,300.0,nan,nan,300.0,0.0,0,0.0,0.0
06/16/2023,300.0,nan,nan,300.0,0.0,0,0.0,0.0
06/19/2023,300.0,nan,nan,300.0,0.0,0,0.0,0.0
06/20/2023,300.0,nan,nan,300.0,0.0,0,0.0,0.0
06/21/2023,300.0,nan,nan,300.0,0.0,0,0.0,0.0
06/22/2023,300.0,nan,nan,300.0,0.0,0,0.0,0.0
06/23/2023,300.0,nan,nan,300.0,0.0,0,0.0,0.0
06/26/2023,300.0,nan,nan,300.0,0.0,0,0.0,0.0
06/27/2023,300.0,nan,nan,300.0,0.0,0,0.0,0.0
06/28/2023,300.0,nan,nan,300.0,0.0,0,0.0,0.0
06/29/2023,300.0,nan,nan,300.0,0.0,0,0.0,0.0
06/30/2023,300.0,nan,nan,300.0,0.0,0,0.0,0.0
07/03/2023,300.0,nan,nan,300.0,0.0,0,0.0,0.0
07/04/2023,300.0,nan,nan,300.0,0.0,0,0.0,0.0
07/05/2023,300.0,nan,nan,300.0,0.0,0,0.0,0.0
07/06/2023,300.0,nan,nan,300.0,0.0,0,0.0,0.0
07/07/2023,300.0,nan,nan,300.0,0.0,0,0.0,0.0
07/10/2023,300.0,nan,nan,300.0,0.0,0,0.0,0.0
07/11/2023,300.0,nan,nan,300.0,0.0,0,0.0,0.0
07/12/2023,300.0,nan,nan,300.0,0.0,0,0.0,0.0
07/13/2023,300.0,nan,nan,300.0,0.0,0,0.0,0.0
07/14/2023,300.0,nan,nan,300.0,0.0,0,0.0,0.0
07/17/2023,300.0,nan,nan,300.0,0.0,0,0.0,0.0
07/18/2023,300.0,nan,nan,300.0,0.0,0,0.0,0.0
07/19/2023,300.0,nan,nan,300.0,0.0,0,0.0,0.0
07/20/2023,300.0,nan,nan,300.0,0.0,0,0.0,0.0
07/21/2023,300.0,nan,nan,300.0,0.0,0,0.0,0.0
07/24/2023,300.0,nan,nan,300.0,0.0,0,0.0,0.0
07/25/2023,300.0,nan,nan,300.0,0.0,0,0.0,0.0
07/26/2023,300.0,nan,nan,300.0,0.0,0,0.0,0.0
07/27/2023,300.0,nan,nan,300.0,0.0,0,0.0,0.0
07/28/2023,300.0,nan,nan,300.0,0.0,0,0.0,0.0
07/31/2023,300.0,nan,nan,300.0,0.0,0,0.0,0.0
08/01/2023,300.0,nan,nan,300.0,0.0,0,0.0,0.0
08/03/2023,300.0,nan,nan,300.0,0.0,0,0.0,0.0
08/04/2023,300.0,nan,nan,300.0,0.0,0,0.0,0.0
08/07/2023,300.0,nan,nan,300.0,0.0,0,0.0,0.0
08/08/2023,300.0,nan,nan,300.0,0.0,0,0.0,0.0
08/09/2023,300.0,nan,nan,300.0,0.0,0,0.0,0.0
08/10/2023,300.0,nan,nan,300.0,0.0,0,0.0,0.0
08/11/2023,300.0,nan,nan,300.0,0.0,0,0.0,0.0
08/14/2023,300.0,nan,nan,300.0,0.0,0,0.0,0.0
08/15/2023,300.0,nan,nan,300.0,0.0,0,0.0,0.0
08/16/2023,300.0,nan,nan,300.0,0.0,0,0.0,0.0
08/17/2023,300.0,nan,nan,300.0,0.0,0,0.0,0.0
08/18/2023,300.0,nan,nan,300.0,0.0,0,0.0,0.0
08/21/2023,300.0,nan,nan,300.0,0.0,0,0.0,0.0
08/22/2023,300.0,nan,nan,300.0,0.0,0,0.0,0.0
08/23/2023,300.0,nan,nan,300.0,0.0,0,0.0,0.0
08/24/2023,300.0,nan,nan,300.0,0.0,0,0.0,0.0
08/25/2023,300.0,nan,nan,300.0,0.0,0,0.0,0.0
08/29/2023,300.0,nan,nan,300.0,0.0,0,0.0,0.0
08/30/2023,300.0,nan,nan,300.0,0.0,0,0.0,0.0
08/31/2023,300.0,nan,nan,300.0,0.0,0,0.0,0.0
09/01/2023,300.0,nan,nan,300.0,0.0,0,0.0,0.0
09/04/2023,300.0,nan,nan,300.0,0.0,0,0.0,0.0
09/05/2023,300.0,nan,nan,300.0,0.0,0,0.0,0.0
09/06/2023,300.0,nan,nan,300.0,0.0,0,0.0,0.0
09/07/2023,300.0,nan,nan,300.0,0.0,0,0.0,0.0
09/11/2023,300.0,nan,nan,300.0,0.0,0,0.0,0.0
09/12/2023,300.0,nan,nan,300.0,0.0,0,0.0,0.0
09/13/2023,300.0,nan,nan,300.0,0.0,0,0.0,0.0
09/14/2023,300.0,nan,nan,300.0,0.0,0,0.0,0.0
09/15/2023,300.0,nan,nan,300.0,0.0,0,0.0,0.0
09/18/2023,300.0,nan,nan,300.0,0.0,0,0.0,0.0
09/19/2023,300.0,nan,nan,300.0,0.0,0,0.0,0.0
09/20/2023,300.0,nan,nan,300.0,0.0,0,0.0,0.0
09/21/2023,300.0,nan,nan,300.0,0.0,0,0.0,0.0
09/22/2023,300.0,nan,nan,300.0,0.0,0,0.0,0.0
09/25/2023,300.0,nan,nan,300.0,0.0,0,0.0,0.0
09/26/2023,300.0,nan,nan,300.0,0.0,0,0.0,0.0
09/27/2023,300.0,nan,nan,300.0,0.0,0,0.0,0.0
09/28/2023,300.0,nan,nan,300.0,0.0,0,0.0,0.0
09/29/2023,300.0,nan,nan,300.0,0.0,0,0.0,0.0
10/02/2023,300.0,nan,nan,300.0,0.0,0,0.0,0.0
10/03/2023,300.0,nan,nan,300.0,0.0,0,0.0,0.0
10/04/2023,300.0,nan,nan,300.0,0.0,0,0.0,0.0
10/05/2023,300.0,nan,nan,300.0,0.0,0,0.0,0.0
10/06/2023,300.0,nan,nan,300.0,0.0,0,0.0,0.0
10/09/2023,300.0,nan,nan,300.0,0.0,0,0.0,0.0
10/10/2023,300.0,nan,nan,300.0,0.0,0,0.0,0.0
10/12/2023,300.0,nan,nan,300.0,0.0,0,0.0,0.0
10/13/2023,300.0,nan,nan,300.0,0.0,0,0.0,0.0
10/16/2023,300.0,nan,nan,300.0,0.0,0,0.0,0.0
10/17/2023,300.0,nan,nan,300.0,0.0,0,0.0,0.0
10/18/2023,300.0,nan,nan,300.0,0.0,0,0.0,0.0
10/19/2023,300.0,nan,nan,300.0,0.0,0,0.0,0.0
10/20/2023,300.0,nan,nan,300.0,0.0,0,0.0,0.0
10/24/2023,300.0,nan,nan,300.0,0.0,0,0.0,0.0
10/25/2023,300.0,nan,nan,300.0,0.0,0,0.0,0.0
10/26/2023,300.0,nan,nan,300.0,0.0,0,0.0,0.0
10/27/2023,300.0,nan,nan,300.0,0.0,0,0.0,0.0
10/30/2023,300.0,nan,nan,300.0,0.0,0,0.0,0.0
10/31/2023,300.0,nan,nan,300.0,0.0,0,0.0,0.0
11/01/2023,300.0,nan,nan,300.0,0.0,0,0.0,0.0
11/02/2023,300.0,nan,nan,300.0,0.0,0,0.0,0.0
11/03/2023,300.0,nan,nan,300.0,0.0,0,0.0,0.0
11/06/2023,300.0,nan,nan,300.0,0.0,0,0.0,0.0
11/07/2023,300.0,nan,nan,300.0,0.0,0,0.0,0.0
11/08/2023,300.0,nan,nan,300.0,0.0,0,0.0,0.0
11/09/2023,300.0,nan,nan,300.0,0.0,0,0.0,0.0
11/10/2023,300.0,nan,nan,300.0,0.0,0,0.0,0.0
11/13/2023,300.0,nan,nan,300.0,0.0,0,0.0,0.0
11/14/2023,300.0,nan,nan,300.0,0.0,0,0.0,0.0
11/15/2023,300.0,nan,nan,300.0,0.0,0,0.0,0.0
11/16/2023,300.0,nan,nan,300.0,0.0,0,0.0,0.0
11/17/2023,300.0,nan,nan,300.0,0.0,0,0.0,0.0
11/20/2023,300.0,nan,nan,300.0,0.0,0,0.0,0.0
11/21/2023,300.0,nan,nan,300.0,0.0,0,0.0,0.0
11/22/2023,300.0,nan,nan,300.0,0.0,0,0.0,0.0
11/23/2023,300.0,nan,nan,300.0,0.0,0,0.0,0.0
11/24/2023,300.0,nan,nan,300.0,0.0,0,0.0,0.0
11/27/2023,300.0,nan,nan,300.0,0.0,0,0.0,0.0
11/28/2023,300.0,nan,nan,300.0,0.0,0,0.0,0.0
11/29/2023,300.0,nan,nan,300.0,0.0,0,0.0,0.0
11/30/2023,300.0,nan,nan,300.0,0.0,0,0.0,0.0
12/01/2023,300.0,nan,nan,300.0,0.0,0,0.0,0.0
12/04/2023,300.0,nan,nan,300.0,0.0,0,0.0,0.0
12/05/2023,300.0,nan,nan,300.0,0.0,0,0.0,0.0
12/06/2023,300.0,nan,nan,300.0,0.0,0,0.0,0.0
12/07/2023,300.0,nan,nan,300.0,0.0,0,0.0,0.0
12/11/2023,300.0,nan,nan,300.0,0.0,0,0.0,0.0
12/12/2023,300.0,nan,nan,300.0,0.0,0,0.0,0.0
12/13/2023,300.0,nan,nan,300.0,0.0,0,0.0,0.0
12/14/2023,300.0,nan,nan,300.0,0.0,0,0.0,0.0
12/15/2023,300.0,nan,nan,300.0,0.0,0,0.0,0.0
12/18/2023,300.0,nan,nan,300.0,0.0,0,0.0,0.0
12/19/2023,300.0,nan,nan,300.0,0.0,0,0.0,0.0
12/20/2023,300.0,nan,nan,300.0,0.0,0,0.0,0.0
12/21/2023,300.0,nan,nan,300.0,0.0,0,0.0,0.0
12/22/2023,300.0,nan,nan,300.0,0.0,0,0.0,0.0
12/25/2023,300.0,nan,nan,300.0,0.0,0,0.0,0.0
12/26/2023,300.0,nan,nan,300.0,0.0,0,0.0,0.0
12/27/2023,300.0,nan,nan,300.0,0.0,0,0.0,0.0
12/28/2023,300.0,nan,nan,300.0,0.0,0,0.0,0.0
01/02/2024,300.0,nan,nan,300.0,0.0,0,0.0,0.0
01/03/2024,300.0,nan,nan,300.0,0.0,0,0.0,0.0
01/04/2024,300.0,nan,nan,300.0,0.0,0,0.0,0.0
01/05/2024,300.0,nan,nan,300.0,0.0,0,0.0,0.0
01/09/2024,300.0,nan,nan,300.0,0.0,0,0.0,0.0
01/10/2024,300.0,nan,nan,300.0,0.0,0,0.0,0.0
01/11/2024,300.0,nan,nan,300.0,0.0,0,0.0,0.0
01/12/2024,300.0,nan,nan,300.0,0.0,0,0.0,0.0
01/15/2024,300.0,nan,nan,300.0,0.0,0,0.0,0.0
01/16/2024,300.0,nan,nan,300.0,0.0,0,0.0,0.0
01/17/2024,300.0,nan,nan,300.0,0.0,0,0.0,0.0
01/18/2024,300.0,nan,nan,300.0,0.0,0,0.0,0.0
01/22/2024,300.0,nan,nan,300.0,0.0,0,0.0,0.0
01/23/2024,300.0,nan,nan,300.0,0.0,0,0.0,0.0
01/24/2024,300.0,nan,nan,300.0,0.0,0,0.0,0.0
01/25/2024,300.0,nan,nan,300.0,0.0,0,0.0,0.0
01/26/2024,300.0,nan,nan,300.0,0.0,0,0.0,0.0
01/29/2024,300.0,nan,nan,300.0,0.0,0,0.0,0.0
01/30/2024,300.0,nan,nan,300.0,0.0,0,0.0,0.0
01/31/2024,300.0,nan,nan,300.0,0.0,0,0.0,0.0
02/01/2024,300.0,nan,nan,300.0,0.0,0,0.0,0.0
02/02/2024,300.0,nan,nan,300.0,0.0,0,0.0,0.0
02/05/2024,300.0,nan,nan,300.0,0.0,0,0.0,0.0
02/06/2024,300.0,nan,nan,300.0,0.0,0,0.0,0.0
02/07/2024,300.0,nan,nan,300.0,0.0,0,0.0,0.0
02/08/2024,300.0,nan,nan,300.0,0.0,0,0.0,0.0
02/09/2024,300.0,nan,nan,300.0,0.0,0,0.0,0.0
02/12/2024,300.0,nan,nan,300.0,0.0,0,0.0,0.0
02/13/2024,300.0,nan,nan,300.0,0.0,0,0.0,0.0
02/14/2024,300.0,nan,nan,300.0,0.0,0,0.0,0.0
02/15/2024,300.0,nan,nan,300.0,0.0,0,0.0,0.0
02/16/2024,300.0,nan,nan,300.0,0.0,0,0.0,0.0
02/19/2024,300.0,nan,nan,300.0,0.0,0,0.0,0.0
02/20/2024,300.0,nan,nan,300.0,0.0,0,0.0,0.0
02/21/2024,300.0,nan,nan,300.0,0.0,0,0.0,0.0
02/22/2024,300.0,nan,nan,300.0,0.0,0,0.0,0.0
02/23/2024,300.0,nan,nan,300.0,0.0,0,0.0,0.0
02/26/2024,300.0,nan,nan,300.0,0.0,0,0.0,0.0
02/27/2024,300.0,nan,nan,300.0,0.0,0,0.0,0.0
02/28/2024,300.0,nan,nan,300.0,0.0,0,0.0,0.0
02/29/2024,300.0,nan,nan,300.0,0.0,0,0.0,0.0
03/01/2024,300.0,nan,nan,300.0,0.0,0,0.0,0.0
03/04/2024,300.0,nan,nan,300.0,0.0,0,0.0,0.0
03/05/2024,300.0,nan,nan,300.0,0.0,0,0.0,0.0
03/06/2024,300.0,nan,nan,300.0,0.0,0,0.0,0.0
03/07/2024,300.0,nan,nan,300.0,0.0,0,0.0,0.0
03/08/2024,300.0,nan,nan,300.0,0.0,0,0.0,0.0
03/11/2024,300.0,nan,nan,300.0,0.0,0,0.0,0.0
03/12/2024,300.0,nan,nan,300.0,0.0,0,0.0,0.0
03/13/2024,300.0,nan,nan,300.0,0.0,0,0.0,0.0
03/14/2024,300.0,nan,nan,300.0,0.0,0,0.0,0.0
03/15/2024,300.0,nan,nan,300.0,0.0,0,0.0,0.0
03/18/2024,300.0,nan,nan,300.0,0.0,0,0.0,0.0
03/19/2024,300.0,nan,nan,300.0,0.0,0,0.0,0.0
03/20/2024,300.0,nan,nan,300.0,0.0,0,0.0,0.0
03/21/2024,300.0,nan,nan,300.0,0.0,0,0.0,0.0
03/22/2024,300.0,nan,nan,300.0,0.0,0,0.0,0.0
03/25/2024,300.0,nan,nan,300.0,0.0,0,0.0,0.0
03/26/2024,300.0,nan,nan,300.0,0.0,0,0.0,0.0
03/27/2024,300.0,nan,nan,300.0,0.0,0,0.0,0.0
03/28/2024,300.0,nan,nan,300.0,0.0,0,0.0,0.0
03/29/2024,300.0,nan,nan,300.0,0.0,0,0.0,0.0
04/01/2024,300.0,nan,nan,300.0,0.0,0,0.0,0.0
04/02/2024,300.0,nan,nan,300.0,0.0,0,0.0,0.0
04/03/2024,300.0,nan,nan,300.0,0.0,0,0.0,0.0
04/04/2024,300.0,nan,nan,300.0,0.0,0,0.0,0.0
04/05/2024,300.0,nan,nan,300.0,0.0,0,0.0,0.0
04/08/2024,300.0,nan,nan,300.0,0.0,0,0.0,0.0
04/09/2024,300.0,nan,nan,300.0,0.0,0,0.0,0.0
04/11/2024,300.0,nan,nan,300.0,0.0,0,0.0,0.0
04/12/2024,300.0,nan,nan,300.0,0.0,0,0.0,0.0
04/15/2024,300.0,nan,nan,300.0,0.0,0,0.0,0.0
04/16/2024,300.0,nan,nan,300.0,0.0,0,0.0,0.0
04/17/2024,300.0,nan,nan,300.0,0.0,0,0.0,0.0
04/18/2024,300.0,nan,nan,300.0,0.0,0,0.0,0.0
04/19/2024,300.0,nan,nan,300.0,0.0,0,0.0,0.0
04/22/2024,300.0,nan,nan,300.0,0.0,0,0.0,0.0
04/23/2024,300.0,nan,nan,300.0,0.0,0,0.0,0.0
04/25/2024,300.0,nan,nan,300.0,0.0,0,0.0,0.0
04/26/2024,300.0,nan,nan,300.0,0.0,0,0.0,0.0
04/29/2024,300.0,nan,nan,300.0,0.0,0,0.0,0.0
04/30/2024,300.0,nan,nan,300.0,0.0,0,0.0,0.0
05/02/2024,300.0,nan,nan,300.0,0.0,0,0.0,0.0
05/07/2024,300.0,nan,nan,300.0,0.0,0,0.0,0.0
05/09/2024,300.0,nan,nan,300.0,0.0,0,0.0,0.0
05/10/2024,300.0,nan,nan,300.0,0.0,0,0.0,0.0
05/13/2024,300.0,nan,nan,300.0,0.0,0,0.0,0.0
05/14/2024,300.0,nan,nan,300.0,0.0,0,0.0,0.0
05/15/2024,300.0,nan,nan,300.0,0.0,0,0.0,0.0
05/16/2024,300.0,nan,nan,300.0,0.0,0,0.0,0.0
05/17/2024,300.0,nan,nan,300.0,0.0,0,0.0,0.0
05/20/2024,300.0,nan,nan,300.0,0.0,0,0.0,0.0
05/21/2024,300.0,nan,nan,300.0,0.0,0,0.0,0.0
05/22/2024,300.0,nan,nan,300.0,0.0,0,0.0,0.0
05/23/2024,300.0,nan,nan,300.0,0.0,0,0.0,0.0
05/27/2024,300.0,nan,nan,300.0,0.0,0,0.0,0.0
05/28/2024,300.0,nan,nan,300.0,0.0,0,0.0,0.0
05/29/2024,300.0,nan,nan,300.0,0.0,0,0.0,0.0
05/30/2024,300.0,nan,nan,300.0,0.0,0,0.0,0.0
05/31/2024,300.0,nan,nan,300.0,0.0,0,0.0,0.0
06/03/2024,300.0,nan,nan,300.0,0.0,0,0.0,0.0
06/04/2024,300.0,nan,nan,300.0,0.0,0,0.0,0.0
06/05/2024,300.0,nan,nan,300.0,0.0,0,0.0,0.0
06/06/2024,300.0,nan,nan,300.0,0.0,0,0.0,0.0
06/07/2024,300.0,nan,nan,300.0,0.0,0,0.0,0.0
06/10/2024,300.0,nan,nan,300.0,0.0,0,0.0,0.0
06/11/2024,300.0,nan,nan,300.0,0.0,0,0.0,0.0
06/12/2024,300.0,nan,nan,300.0,0.0,0,0.0,0.0
06/13/2024,300.0,nan,nan,300.0,0.0,0,0.0,0.0
06/14/2024,300.0,nan,nan,300.0,0.0,0,0.0,0.0
06/17/2024,300.0,nan,nan,300.0,0.0,0,0.0,0.0
06/18/2024,300.0,nan,nan,300.0,0.0,0,0.0,0.0
06/19/2024,300.0,nan,nan,300.0,0.0,0,0.0,0.0
06/20/2024,300.0,nan,nan,300.0,0.0,0,0.0,0.0
06/24/2024,300.0,nan,nan,300.0,0.0,0,0.0,0.0
06/25/2024,300.0,nan,nan,300.0,0.0,0,0.0,0.0
06/26/2024,300.0,nan,nan,300.0,0.0,0,0.0,0.0
06/27/2024,300.0,nan,nan,300.0,0.0,0,0.0,0.0
06/28/2024,300.0,nan,nan,300.0,0.0,0,0.0,0.0
07/01/2024,300.0,nan,nan,300.0,0.0,0,0.0,0.0
07/02/2024,300.0,nan,nan,300.0,0.0,0,0.0,0.0
07/03/2024,300.0,nan,nan,300.0,0.0,0,0.0,0.0
07/04/2024,300.0,nan,nan,300.0,0.0,0,0.0,0.0
07/05/2024,300.0,nan,nan,300.0,0.0,0,0.0,0.0
07/08/2024,300.0,nan,nan,300.0,0.0,0,0.0,0.0
07/09/2024,300.0,nan,nan,300.0,0.0,0,0.0,0.0
07/10/2024,300.0,nan,nan,300.0,0.0,0,0.0,0.0
07/11/2024,300.0,nan,nan,300.0,0.0,0,0.0,0.0
07/12/2024,300.0,nan,nan,300.0,0.0,0,0.0,0.0
07/15/2024,300.0,nan,nan,300.0,0.0,0,0.0,0.0
07/16/2024,300.0,nan,nan,300.0,0.0,0,0.0,0.0
07/17/2024,300.0,nan,nan,300.0,0.0,0,0.0,0.0
07/18/2024,300.0,nan,nan,300.0,0.0,0,0.0,0.0
07/19/2024,300.0,nan,nan,300.0,0.0,0,0.0,0.0
07/22/2024,300.0,nan,nan,300.0,0.0,0,0.0,0.0
07/23/2024,300.0,nan,nan,300.0,0.0,0,0.0,0.0
07/24/2024,300.0,nan,nan,300.0,0.0,0,0.0,0.0
07/25/2024,300.0,nan,nan,300.0,0.0,0,0.0,0.0
07/26/2024,300.0,nan,nan,300.0,0.0,0,0.0,0.0
07/29/2024,300.0,nan,nan,300.0,0.0,0,0.0,0.0
07/30/2024,300.0,nan,nan,300.0,0.0,0,0.0,0.0
07/31/2024,300.0,nan,nan,300.0,0.0,0,0.0,0.0
08/01/2024,300.0,nan,nan,300.0,0.0,0,0.0,0.0
08/05/2024,300.0,nan,nan,300.0,0.0,0,0.0,0.0
08/06/2024,300.0,nan,nan,300.0,0.0,0,0.0,0.0
08/07/2024,300.0,nan,nan,300.0,0.0,0,0.0,0.0
08/08/2024,300.0,nan,nan,300.0,0.0,0,0.0,0.0
08/09/2024,300.0,nan,nan,300.0,0.0,0,0.0,0.0
08/12/2024,300.0,nan,nan,300.0,0.0,0,0.0,0.0
08/13/2024,300.0,nan,nan,300.0,0.0,0,0.0,0.0
08/14/2024,300.0,nan,nan,300.0,0.0,0,0.0,0.0
08/15/2024,300.0,nan,nan,300.0,0.0,0,0.0,0.0
08/16/2024,300.0,nan,nan,300.0,0.0,0,0.0,0.0
08/19/2024,300.0,nan,nan,300.0,0.0,0,0.0,0.0
08/20/2024,300.0,nan,nan,300.0,0.0,0,0.0,0.0
08/21/2024,300.0,nan,nan,300.0,0.0,0,0.0,0.0
08/22/2024,300.0,nan,nan,300.0,0.0,0,0.0,0.0
08/23/2024,300.0,nan,nan,300.0,0.0,0,0.0,0.0
08/26/2024,300.0,nan,nan,300.0,0.0,0,0.0,0.0
08/27/2024,300.0,nan,nan,300.0,0.0,0,0.0,0.0
08/29/2024,300.0,nan,nan,300.0,0.0,0,0.0,0.0
08/30/2024,300.0,nan,nan,300.0,0.0,0,0.0,0.0
09/02/2024,300.0,nan,nan,300.0,0.0,0,0.0,0.0
09/03/2024,300.0,nan,nan,300.0,0.0,0,0.0,0.0
09/04/2024,300.0,nan,nan,300.0,0.0,0,0.0,0.0
09/05/2024,300.0,nan,nan,300.0,0.0,0,0.0,0.0
09/06/2024,300.0,nan,nan,300.0,0.0,0,0.0,0.0
09/10/2024,300.0,nan,nan,300.0,0.0,0,0.0,0.0
09/11/2024,300.0,nan,nan,300.0,0.0,0,0.0,0.0
09/12/2024,300.0,nan,nan,300.0,0.0,0,0.0,0.0
09/13/2024,300.0,nan,nan,300.0,0.0,0,0.0,0.0
09/16/2024,300.0,nan,nan,300.0,0.0,0,0.0,0.0
09/17/2024,300.0,nan,nan,300.0,0.0,0,0.0,0.0
09/18/2024,300.0,nan,nan,300.0,0.0,0,0.0,0.0
09/19/2024,300.0,nan,nan,300.0,0.0,0,0.0,0.0
09/20/2024,300.0,nan,nan,300.0,0.0,0,0.0,0.0
09/23/2024,300.0,nan,nan,300.0,0.0,0,0.0,0.0
09/24/2024,300.0,nan,nan,300.0,0.0,0,0.0,0.0
09/25/2024,300.0,nan,nan,300.0,0.0,0,0.0,0.0
09/26/2024,300.0,nan,nan,300.0,0.0,0,0.0,0.0
09/27/2024,300.0,nan,nan,300.0,0.0,0,0.0,0.0
09/30/2024,300.0,nan,nan,300.0,0.0,0,0.0,0.0
10/01/2024,300.0,nan,nan,300.0,0.0,0,0.0,0.0
10/02/2024,300.0,nan,nan,300.0,0.0,0,0.0,0.0
10/03/2024,300.0,nan,nan,300.0,0.0,0,0.0,0.0
10/04/2024,300.0,nan,nan,300.0,0.0,0,0.0,0.0
10/07/2024,300.0,nan,nan,300.0,0.0,0,0.0,0.0
10/08/2024,300.0,nan,nan,300.0,0.0,0,0.0,0.0
10/09/2024,300.0,nan,nan,300.0,0.0,0,0.0,0.0
10/10/2024,300.0,nan,nan,300.0,0.0,0,0.0,0.0
10/14/2024,300.0,nan,nan,300.0,0.0,0,0.0,0.0
10/15/2024,300.0,nan,nan,300.0,0.0,0,0.0,0.0
10/16/2024,300.0,nan,nan,300.0,0.0,0,0.0,0.0
10/17/2024,300.0,nan,nan,300.0,0.0,0,0.0,0.0
10/18/2024,300.0,nan,nan,300.0,0.0,0,0.0,0.0
10/21/2024,300.0,nan,nan,300.0,0.0,0,0.0,0.0
10/22/2024,300.0,nan,nan,300.0,0.0,0,0.0,0.0
10/24/2024,300.0,nan,nan,300.0,0.0,0,0.0,0.0
10/25/2024,300.0,nan,nan,300.0,0.0,0,0.0,0.0
10/28/2024,300.0,nan,nan,300.0,0.0,0,0.0,0.0
10/29/2024,300.0,nan,nan,300.0,0.0,0,0.0,0.0
10/30/2024,300.0,nan,nan,300.0,0.0,0,0.0,0.0
10/31/2024,300.0,nan,nan,300.0,0.0,0,0.0,0.0
11/01/2024,300.0,nan,nan,300.0,0.0,0,0.0,0.0
11/04/2024,300.0,nan,nan,300.0,0.0,0,0.0,0.0
11/05/2024,300.0,nan,nan,300.0,0.0,0,0.0,0.0
11/06/2024,300.0,nan,nan,300.0,0.0,0,0.0,0.0
11/07/2024,300.0,nan,nan,300.0,0.0,0,0.0,0.0
11/08/2024,300.0,nan,nan,300.0,0.0,0,0.0,0.0
11/11/2024,300.0,nan,nan,300.0,0.0,0,0.0,0.0
11/12/2024,300.0,nan,nan,300.0,0.0,0,0.0,0.0
11/13/2024,300.0,nan,nan,300.0,0.0,0,0.0,0.0
11/14/2024,300.0,nan,nan,300.0,0.0,0,0.0,0.0
11/15/2024,300.0,nan,nan,300.0,0.0,0,0.0,0.0
11/18/2024,300.0,nan,nan,300.0,0.0,0,0.0,0.0
11/19/2024,300.0,nan,nan,300.0,0.0,0,0.0,0.0
11/20/2024,300.0,nan,nan,300.0,0.0,0,0.0,0.0
11/21/2024,300.0,nan,nan,300.0,0.0,0,0.0,0.0
11/22/2024,300.0,nan,nan,300.0,0.0,0,0.0,0.0
11/25/2024,300.0,nan,nan,300.0,0.0,0,0.0,0.0
11/26/2024,300.0,nan,nan,300.0,0.0,0,0.0,0.0
11/27/2024,300.0,nan,nan,300.0,0.0,0,0.0,0.0
11/28/2024,300.0,nan,nan,300.0,0.0,0,0.0,0.0
11/29/2024,300.0,nan,nan,300.0,0.0,0,0.0,0.0
12/02/2024,300.0,nan,nan,300.0,0.0,0,0.0,0.0
12/03/2024,300.0,nan,nan,300.0,0.0,0,0.0,0.0
12/04/2024,300.0,nan,nan,300.0,0.0,0,0.0,0.0
12/05/2024,300.0,nan,nan,300.0,0.0,0,0.0,0.0
12/06/2024,300.0,nan,nan,300.0,0.0,0,0.0,0.0
12/10/2024,300.0,nan,nan,300.0,0.0,0,0.0,0.0
12/11/2024,300.0,nan,nan,300.0,0.0,0,0.0,0.0
12/12/2024,300.0,nan,nan,300.0,0.0,0,0.0,0.0
12/13/2024,300.0,nan,nan,300.0,0.0,0,0.0,0.0
12/16/2024,300.0,nan,nan,300.0,0.0,0,0.0,0.0
12/17/2024,300.0,nan,nan,300.0,0.0,0,0.0,0.0
12/18/2024,300.0,nan,nan,300.0,0.0,0,0.0,0.0
12/19/2024,300.0,nan,nan,300.0,0.0,0,0.0,0.0
12/20/2024,300.0,nan,nan,300.0,0.0,0,0.0,0.0
12/23/2024,300.0,nan,nan,300.0,0.0,0,0.0,0.0
12/24/2024,300.0,nan,nan,300.0,0.0,0,0.0,0.0
12/25/2024,300.0,nan,nan,300.0,0.0,0,0.0,0.0
12/26/2024,300.0,nan,nan,300.0,0.0,0,0.0,0.0
12/27/2024,300.0,nan,nan,300.0,0.0,0,0.0,0.0
12/30/2024,300.0,nan,nan,300.0,0.0,0,0.0,0.0
01/02/2025,300.0,nan,nan,300.0,0.0,0,0.0,0.0
01/03/2025,300.0,nan,nan,300.0,0.0,0,0.0,0.0
01/08/2025,300.0,nan,nan,300.0,0.0,0,0.0,0.0
01/09/2025,300.0,nan,nan,300.0,0.0,0,0.0,0.0
01/10/2025,300.0,nan,nan,300.0,0.0,0,0.0,0.0
01/13/2025,300.0,nan,nan,300.0,0.0,0,0.0,0.0
01/14/2025,300.0,nan,nan,300.0,0.0,0,0.0,0.0
01/15/2025,300.0,nan,nan,300.0,0.0,0,0.0,0.0
01/16/2025,300.0,nan,nan,300.0,0.0,0,0.0,0.0
01/17/2025,300.0,nan,nan,300.0,0.0,0,0.0,0.0
